number,value,datetime_start,datetime_complete,duration,params_C,params_alpha,params_cat_weight,params_epsilon,params_gamma,params_num_weight,params_use_poly,state
11,0.1480745478930322,2026-08-06 11:06:47.205276,2026-08-06 11:07:58.108756,0 days 00:01:10.903480,0.06028699440816751,0.10604972737467394,3.6684255472865646,0.0012891892933940274,0.01819126938986479,9.926669921990287,False,COMPLETE
12,0.1484203944415871,2026-08-06 11:07:58.109729,2026-08-06 11:09:06.489198,0 days 00:01:08.379469,0.09220633461481202,0.13527922717867297,3.3190106568421323,0.004218712936878748,0.0059077709341693,9.883681026710681,False,COMPLETE
25,0.14845127863333454,2026-08-06 11:22:53.884253,2026-08-06 11:24:04.194162,0 days 00:01:10.309909,0.025941604604579067,0.2699738608484458,4.863964239845956,0.004595739882179003,0.02046745039704667,9.149603365439964,False,COMPLETE
17,0.14847790547360026,2026-08-06 11:13:39.626889,2026-08-06 11:14:47.497886,0 days 00:01:07.870997,0.3897178025757012,0.11898527122202711,9.730589094803634,0.007314994122630062,0.007631554855130042,8.737726655765773,False,COMPLETE
13,0.14848230829048548,2026-08-06 11:09:06.490239,2026-08-06 11:10:14.798015,0 days 00:01:08.307776,0.05244823887380462,0.438229838950081,4.141538644999063,0.0001520928127535428,0.014336129197662055,9.870158258273399,False,COMPLETE
21,0.14858999210957471,2026-08-06 11:18:11.835158,2026-08-06 11:19:22.823693,0 days 00:01:10.988535,0.46207769773369034,0.1240400167365065,9.943338752310193,0.005582852537064037,0.006582621721308681,8.441715995391291,False,COMPLETE
28,0.14861315126358685,2026-08-06 11:26:24.648359,2026-08-06 11:27:35.239416,0 days 00:01:10.591057,0.02943881301314576,0.24599588221082863,1.9953764940728296,0.010812012376265842,0.06403318245259944,9.313323469184013,False,COMPLETE
26,0.14866425281710188,2026-08-06 11:24:04.195244,2026-08-06 11:25:14.761860,0 days 00:01:10.566616,0.025849583242935202,0.38677103655779477,4.784358505330997,0.0044985281786209495,0.02160934810945399,9.957325633158817,False,COMPLETE
23,0.14867945527619456,2026-08-06 11:20:33.439422,2026-08-06 11:21:43.902700,0 days 00:01:10.463278,0.7929425100706096,0.11277330734790314,9.674301115336233,0.00014200676759048886,0.00511375040373762,8.38535283405948,False,COMPLETE
27,0.14874843227430087,2026-08-06 11:25:14.762811,2026-08-06 11:26:24.647267,0 days 00:01:09.884456,0.010592367091541566,0.5698101965430429,3.624642642353349,0.003129142966106962,0.037896748239653305,9.265636577617997,False,COMPLETE
15,0.14896196956587893,2026-08-06 11:11:23.138843,2026-08-06 11:12:31.380422,0 days 00:01:08.241579,0.03918828600364427,0.2884576674809757,4.161676889036383,0.014259414589291239,0.006598332446692351,9.989924605751135,False,COMPLETE
22,0.14913210088288395,2026-08-06 11:19:22.824671,2026-08-06 11:20:33.437262,0 days 00:01:10.612591,0.08782830381264334,0.3239329133084493,6.481297813267322,0.006569722804878652,0.009048556280069286,8.9699005597566,False,COMPLETE
14,0.1491533870467087,2026-08-06 11:10:14.798576,2026-08-06 11:11:23.137848,0 days 00:01:08.339272,0.049628209224942724,0.4312810443683072,0.8063100325140233,0.008864316582928553,0.09341171884186025,8.714708142760317,False,COMPLETE
9,0.14915605269736937,2026-08-06 11:04:23.729378,2026-08-06 11:05:36.462126,0 days 00:01:12.732748,0.2047058330680243,0.21424351761389093,2.6940059509242764,0.0404974341402208,0.0037243568362371753,8.146047079840542,True,COMPLETE
16,0.1495814795981084,2026-08-06 11:12:31.381029,2026-08-06 11:13:39.625860,0 days 00:01:08.244831,0.12190592448150961,0.606776090569201,1.6832029109701625,0.0018349075358545762,0.018140783302521973,7.89213024446021,False,COMPLETE
1,0.14963502134507614,2026-08-06 10:55:02.479172,2026-08-06 10:56:12.477574,0 days 00:01:09.998402,0.01669696156340911,0.8410649365179633,5.989180144051916,0.004983604898667443,0.025477875016780324,5.609036514319511,False,COMPLETE
18,0.15006703855841055,2026-08-06 11:14:47.498330,2026-08-06 11:15:55.171339,0 days 00:01:07.673009,0.02667626335580247,0.6841229680717071,4.5943367973179825,0.017937149816790225,0.029615615167230967,9.02138987881529,False,COMPLETE
6,0.150757368553927,2026-08-06 11:00:51.846009,2026-08-06 11:02:02.162306,0 days 00:01:10.316297,8.07474202544632,0.46612119314413863,2.7026565058640304,0.012414239105015447,0.007349913707044367,6.753243589919997,True,COMPLETE
7,0.15089756092186396,2026-08-06 11:02:02.162914,2026-08-06 11:03:12.522929,0 days 00:01:10.360015,0.8202060237157363,1.0113767202977824,8.252772150706262,0.04763498119648677,0.04532177514957074,7.57481113966531,True,COMPLETE
3,0.1511645408422674,2026-08-06 10:57:22.246599,2026-08-06 10:58:31.345208,0 days 00:01:09.098609,0.01371150876915524,0.8891195336131948,8.826771760700042,0.033629579235019094,0.052809639926121324,3.7211772758033264,True,COMPLETE
0,0.15165205536230994,2026-08-06 10:53:53.325859,2026-08-06 10:55:02.476631,0 days 00:01:09.150772,0.01591137603510151,0.9627628969286134,7.611402587371906,0.04437063149665728,0.0013419332485571306,9.34406567250034,False,COMPLETE
10,0.15250305186069546,2026-08-06 11:05:36.463345,2026-08-06 11:06:47.204342,0 days 00:01:10.740997,5.106805601133478,0.1046489431863538,3.357101128798045,0.024009459866129425,0.012508591330045534,0.2678075289918862,True,COMPLETE
20,0.15289672766173645,2026-08-06 11:17:03.322310,2026-08-06 11:18:11.834275,0 days 00:01:08.511965,0.28812379528895543,1.2741874666923736,0.2307609468752876,0.010460799994041028,0.010270776091118022,9.751464825835686,False,COMPLETE
19,0.15292154077310197,2026-08-06 11:15:55.171959,2026-08-06 11:17:03.321734,0 days 00:01:08.149775,2.1460855074340732,0.3032347462861635,1.7864414217722624,0.026213751282211307,0.004142735366212484,7.313641855907321,False,COMPLETE
24,0.1546097052641388,2026-08-06 11:21:43.903655,2026-08-06 11:22:53.883475,0 days 00:01:09.979820,0.18271570147823246,0.5710624979128502,3.0663649013905876,0.014906210388524757,0.0026544751526339566,7.323366846769215,False,COMPLETE
4,0.1546783312233256,2026-08-06 10:58:31.345624,2026-08-06 10:59:40.795327,0 days 00:01:09.449703,0.0750238075245105,0.8137243402341959,7.015830913074325,0.0197204342909881,0.0018916607564269388,4.521319155672711,True,COMPLETE
5,0.16136393456835468,2026-08-06 10:59:40.796444,2026-08-06 11:00:51.845006,0 days 00:01:11.048562,0.14800464314186595,1.0276605574182018,0.9238538739309347,0.04365125028677998,0.0013485685596068965,6.39771653229982,False,COMPLETE
29,0.17309469994789303,2026-08-06 11:27:35.240442,2026-08-06 11:28:45.705377,0 days 00:01:10.464935,0.07971070030557476,1.904228686919024,4.95679912119789,0.008617724324515198,0.01367489471448751,0.47052303857371847,False,COMPLETE
8,0.19377536069999443,2026-08-06 11:03:12.525998,2026-08-06 11:04:23.728830,0 days 00:01:11.202832,0.9583667116554258,1.3252237387887558,5.55976094319785,0.047030482793512865,0.0014254477097751328,6.028404649781095,False,COMPLETE
2,0.19590536895236474,2026-08-06 10:56:12.478932,2026-08-06 10:57:22.245454,0 days 00:01:09.766522,0.3742634560727967,1.9546386916513394,5.396836675417725,0.035503163990659746,0.00317728348663396,2.7217550716605827,True,COMPLETE
