ID,stress_score,oof_seed_42,oof_seed_77,oof_seed_2026
TRAIN_0000,0.63,0.48,0.53,0.51
TRAIN_0001,0.83,0.83,0.83,0.54
TRAIN_0002,0.7,0.52,0.49,0.49
TRAIN_0003,0.17,0.17,0.17,0.17
TRAIN_0004,0.36,0.5,0.41,0.45
TRAIN_0005,0.83,0.83,0.83,0.83
TRAIN_0006,0.63,0.53,0.5,0.49
TRAIN_0007,0.41,0.51,0.47,0.46
TRAIN_0008,0.18,0.43,0.43,0.18
TRAIN_0009,0.85,0.85,0.85,0.85
TRAIN_0010,0.18,0.49,0.49,0.53
TRAIN_0011,0.45,0.42,0.53,0.49
TRAIN_0012,0.59,0.49,0.46,0.44
TRAIN_0013,0.5,0.52,0.48,0.51
TRAIN_0014,0.04,0.04,0.04,0.04
TRAIN_0015,0.11,0.11,0.52,0.11
TRAIN_0016,0.55,0.45,0.44,0.42
TRAIN_0017,0.3,0.3,0.3,0.3
TRAIN_0018,0.7,0.5,0.48,0.5
TRAIN_0019,0.3,0.57,0.53,0.52
TRAIN_0020,0.98,0.52,0.52,0.54
TRAIN_0021,0.56,0.56,0.54,0.56
TRAIN_0022,0.12,0.54,0.53,0.61
TRAIN_0023,0.38,0.44,0.38,0.38
TRAIN_0024,0.51,0.41,0.41,0.48
TRAIN_0025,0.54,0.54,0.59,0.59
TRAIN_0026,0.89,0.46,0.4,0.46
TRAIN_0027,0.26,0.26,0.26,0.26
TRAIN_0028,0.91,0.91,0.91,0.91
TRAIN_0029,0.29,0.29,0.29,0.29
TRAIN_0030,0.5,0.59,0.6,0.59
TRAIN_0031,0.67,0.67,0.56,0.59
TRAIN_0032,0.32,0.32,0.32,0.32
TRAIN_0033,0.86,0.43,0.43,0.44
TRAIN_0034,0.43,0.44,0.43,0.48
TRAIN_0035,0.4,0.55,0.4,0.4
TRAIN_0036,0.55,0.61,0.6,0.56
TRAIN_0037,0.84,0.46,0.51,0.54
TRAIN_0038,0.97,0.97,0.55,0.97
TRAIN_0039,0.73,0.73,0.73,0.73
TRAIN_0040,0.57,0.57,0.57,0.57
TRAIN_0041,0.39,0.51,0.5,0.62
TRAIN_0042,0.12,0.12,0.12,0.12
TRAIN_0043,0.82,0.82,0.82,0.52
TRAIN_0044,0.09,0.54,0.57,0.53
TRAIN_0045,0.72,0.53,0.6,0.54
TRAIN_0046,0.62,0.44,0.44,0.41
TRAIN_0047,0.53,0.59,0.56,0.58
TRAIN_0048,0.36,0.36,0.36,0.36
TRAIN_0049,0.79,0.54,0.55,0.52
TRAIN_0050,0.76,0.46,0.44,0.42
TRAIN_0051,0.12,0.12,0.12,0.12
TRAIN_0052,0.07,0.07,0.51,0.5
TRAIN_0053,0.44,0.51,0.46,0.5
TRAIN_0054,0.82,0.47,0.46,0.46
TRAIN_0055,0.05,0.05,0.05,0.05
TRAIN_0056,0.72,0.51,0.52,0.51
TRAIN_0057,0.59,0.47,0.59,0.59
TRAIN_0058,0.8,0.8,0.52,0.8
TRAIN_0059,0.08,0.54,0.57,0.08
TRAIN_0060,0.36,0.36,0.53,0.58
TRAIN_0061,0.52,0.53,0.54,0.55
TRAIN_0062,0.55,0.45,0.52,0.53
TRAIN_0063,0.19,0.49,0.54,0.5
TRAIN_0064,0.9,0.5,0.51,0.54
TRAIN_0065,0.59,0.59,0.4,0.59
TRAIN_0066,0.18,0.42,0.37,0.38
TRAIN_0067,1.0,1.0,1.0,1.0
TRAIN_0068,0.07,0.07,0.54,0.07
TRAIN_0069,0.02,0.02,0.02,0.02
TRAIN_0070,0.43,0.54,0.51,0.54
TRAIN_0071,0.05,0.43,0.48,0.44
TRAIN_0072,0.92,0.92,0.55,0.92
TRAIN_0073,0.99,0.99,0.99,0.99
TRAIN_0074,0.27,0.27,0.27,0.62
TRAIN_0075,0.13,0.48,0.46,0.5
TRAIN_0076,0.64,0.64,0.64,0.64
TRAIN_0077,0.29,0.45,0.43,0.45
TRAIN_0078,0.48,0.37,0.43,0.35
TRAIN_0079,0.9,0.9,0.9,0.47
TRAIN_0080,0.39,0.39,0.39,0.39
TRAIN_0081,0.33,0.45,0.43,0.46
TRAIN_0082,0.8,0.46,0.44,0.45
TRAIN_0083,0.98,0.98,0.98,0.6
TRAIN_0084,0.53,0.53,0.57,0.53
TRAIN_0085,0.74,0.59,0.59,0.63
TRAIN_0086,0.81,0.5,0.44,0.48
TRAIN_0087,0.47,0.47,0.48,0.47
TRAIN_0088,0.71,0.71,0.71,0.71
TRAIN_0089,0.2,0.51,0.52,0.53
TRAIN_0090,0.52,0.5,0.52,0.52
TRAIN_0091,0.81,0.52,0.52,0.52
TRAIN_0092,0.12,0.45,0.47,0.47
TRAIN_0093,0.8,0.43,0.8,0.8
TRAIN_0094,0.27,0.59,0.54,0.56
TRAIN_0095,0.9,0.9,0.9,0.49
TRAIN_0096,0.49,0.49,0.49,0.49
TRAIN_0097,0.15,0.15,0.15,0.15
TRAIN_0098,0.53,0.55,0.55,0.55
TRAIN_0099,0.6,0.48,0.47,0.54
TRAIN_0100,0.65,0.65,0.65,0.65
TRAIN_0101,0.2,0.2,0.2,0.2
TRAIN_0102,0.6,0.6,0.6,0.51
TRAIN_0103,0.03,0.41,0.44,0.45
TRAIN_0104,0.93,0.47,0.42,0.38
TRAIN_0105,0.71,0.49,0.42,0.47
TRAIN_0106,0.19,0.19,0.19,0.53
TRAIN_0107,0.66,0.5,0.51,0.48
TRAIN_0108,0.15,0.15,0.15,0.15
TRAIN_0109,0.52,0.52,0.54,0.61
TRAIN_0110,0.48,0.45,0.46,0.45
TRAIN_0111,0.59,0.59,0.59,0.45
TRAIN_0112,0.97,0.5,0.53,0.49
TRAIN_0113,0.87,0.87,0.4,0.87
TRAIN_0114,0.47,0.47,0.47,0.47
TRAIN_0115,0.36,0.36,0.54,0.36
TRAIN_0116,0.83,0.41,0.83,0.83
TRAIN_0117,0.77,0.49,0.77,0.77
TRAIN_0118,0.13,0.13,0.13,0.13
TRAIN_0119,0.71,0.47,0.52,0.46
TRAIN_0120,0.63,0.63,0.63,0.63
TRAIN_0121,0.78,0.78,0.78,0.78
TRAIN_0122,0.54,0.54,0.54,0.54
TRAIN_0123,0.44,0.58,0.57,0.56
TRAIN_0124,0.17,0.53,0.51,0.54
TRAIN_0125,0.37,0.37,0.5,0.37
TRAIN_0126,0.29,0.46,0.46,0.45
TRAIN_0127,0.71,0.53,0.58,0.58
TRAIN_0128,0.62,0.47,0.48,0.47
TRAIN_0129,0.41,0.54,0.53,0.54
TRAIN_0130,0.59,0.43,0.43,0.59
TRAIN_0131,0.55,0.48,0.55,0.55
TRAIN_0132,0.94,0.52,0.51,0.52
TRAIN_0133,0.09,0.09,0.09,0.48
TRAIN_0134,0.64,0.64,0.64,0.64
TRAIN_0135,0.15,0.15,0.15,0.15
TRAIN_0136,0.72,0.44,0.48,0.5
TRAIN_0137,0.53,0.51,0.53,0.53
TRAIN_0138,0.21,0.46,0.46,0.49
TRAIN_0139,0.58,0.55,0.51,0.52
TRAIN_0140,0.48,0.46,0.46,0.42
TRAIN_0141,0.77,0.59,0.59,0.58
TRAIN_0142,0.59,0.59,0.59,0.6
TRAIN_0143,0.77,0.56,0.56,0.57
TRAIN_0144,0.26,0.59,0.26,0.28
TRAIN_0145,0.76,0.41,0.41,0.41
TRAIN_0146,0.8,0.58,0.53,0.58
TRAIN_0147,0.12,0.41,0.43,0.4
TRAIN_0148,0.02,0.02,0.44,0.02
TRAIN_0149,0.91,0.51,0.47,0.51
TRAIN_0150,0.24,0.52,0.5,0.52
TRAIN_0151,0.3,0.53,0.47,0.46
TRAIN_0152,0.55,0.56,0.55,0.54
TRAIN_0153,0.7,0.53,0.55,0.54
TRAIN_0154,0.38,0.38,0.38,0.49
TRAIN_0155,0.46,0.54,0.51,0.5
TRAIN_0156,0.24,0.24,0.47,0.46
TRAIN_0157,0.9,0.9,0.9,0.9
TRAIN_0158,0.12,0.12,0.5,0.12
TRAIN_0159,0.18,0.47,0.48,0.47
TRAIN_0160,0.11,0.51,0.53,0.48
TRAIN_0161,0.67,0.67,0.67,0.67
TRAIN_0162,0.09,0.48,0.46,0.45
TRAIN_0163,0.66,0.66,0.66,0.51
TRAIN_0164,0.25,0.25,0.25,0.25
TRAIN_0165,0.59,0.52,0.59,0.59
TRAIN_0166,0.75,0.47,0.43,0.46
TRAIN_0167,0.39,0.5,0.5,0.47
TRAIN_0168,0.82,0.52,0.82,0.82
TRAIN_0169,0.0,0.0,0.0,0.0
TRAIN_0170,0.63,0.63,0.63,0.63
TRAIN_0171,0.43,0.5,0.48,0.5
TRAIN_0172,0.79,0.79,0.79,0.79
TRAIN_0173,0.13,0.13,0.13,0.53
TRAIN_0174,0.18,0.18,0.18,0.48
TRAIN_0175,0.8,0.43,0.8,0.8
TRAIN_0176,0.03,0.03,0.03,0.03
TRAIN_0177,0.0,0.53,0.52,0.47
TRAIN_0178,0.61,0.49,0.52,0.54
TRAIN_0179,0.98,0.98,0.98,0.98
TRAIN_0180,0.35,0.54,0.56,0.56
TRAIN_0181,0.83,0.83,0.83,0.83
TRAIN_0182,0.17,0.17,0.17,0.17
TRAIN_0183,0.45,0.45,0.45,0.45
TRAIN_0184,0.55,0.54,0.54,0.54
TRAIN_0185,0.06,0.06,0.06,0.06
TRAIN_0186,0.44,0.59,0.58,0.61
TRAIN_0187,0.39,0.5,0.47,0.48
TRAIN_0188,0.03,0.03,0.39,0.03
TRAIN_0189,0.73,0.48,0.48,0.46
TRAIN_0190,0.62,0.62,0.62,0.62
TRAIN_0191,0.83,0.54,0.54,0.56
TRAIN_0192,0.36,0.57,0.36,0.6
TRAIN_0193,0.27,0.27,0.27,0.27
TRAIN_0194,0.35,0.35,0.35,0.35
TRAIN_0195,0.12,0.12,0.12,0.57
TRAIN_0196,0.99,0.42,0.49,0.42
TRAIN_0197,0.86,0.54,0.47,0.51
TRAIN_0198,0.73,0.47,0.53,0.5
TRAIN_0199,0.54,0.52,0.57,0.56
TRAIN_0200,0.05,0.49,0.05,0.05
TRAIN_0201,0.64,0.51,0.56,0.53
TRAIN_0202,0.54,0.54,0.54,0.54
TRAIN_0203,0.35,0.35,0.59,0.35
TRAIN_0204,0.21,0.21,0.21,0.21
TRAIN_0205,0.08,0.45,0.49,0.5
TRAIN_0206,0.53,0.43,0.41,0.42
TRAIN_0207,0.19,0.55,0.61,0.58
TRAIN_0208,0.9,0.47,0.47,0.44
TRAIN_0209,0.73,0.55,0.61,0.61
TRAIN_0210,0.56,0.37,0.38,0.56
TRAIN_0211,0.77,0.53,0.55,0.57
TRAIN_0212,0.96,0.96,0.96,0.96
TRAIN_0213,0.46,0.51,0.47,0.52
TRAIN_0214,0.99,0.99,0.99,0.99
TRAIN_0215,0.1,0.1,0.1,0.45
TRAIN_0216,0.36,0.46,0.52,0.46
TRAIN_0217,0.1,0.55,0.54,0.59
TRAIN_0218,0.91,0.91,0.53,0.51
TRAIN_0219,0.21,0.49,0.53,0.53
TRAIN_0220,0.96,0.49,0.47,0.96
TRAIN_0221,0.74,0.6,0.56,0.53
TRAIN_0222,0.49,0.56,0.49,0.49
TRAIN_0223,0.46,0.54,0.54,0.52
TRAIN_0224,0.83,0.45,0.83,0.83
TRAIN_0225,0.88,0.51,0.49,0.49
TRAIN_0226,0.03,0.53,0.57,0.52
TRAIN_0227,0.37,0.49,0.6,0.56
TRAIN_0228,0.94,0.32,0.94,0.47
TRAIN_0229,0.07,0.07,0.07,0.55
TRAIN_0230,0.48,0.55,0.48,0.48
TRAIN_0231,0.44,0.44,0.44,0.44
TRAIN_0232,0.71,0.41,0.45,0.42
TRAIN_0233,0.22,0.52,0.22,0.22
TRAIN_0234,0.78,0.47,0.51,0.49
TRAIN_0235,0.46,0.46,0.46,0.55
TRAIN_0236,0.85,0.54,0.53,0.53
TRAIN_0237,0.69,0.69,0.69,0.69
TRAIN_0238,0.05,0.05,0.05,0.05
TRAIN_0239,0.8,0.49,0.42,0.47
TRAIN_0240,0.99,0.56,0.58,0.6
TRAIN_0241,0.35,0.42,0.43,0.39
TRAIN_0242,0.12,0.54,0.56,0.56
TRAIN_0243,0.93,0.49,0.5,0.5
TRAIN_0244,0.53,0.53,0.56,0.49
TRAIN_0245,0.84,0.84,0.84,0.84
TRAIN_0246,0.17,0.17,0.17,0.17
TRAIN_0247,0.37,0.37,0.49,0.37
TRAIN_0248,0.08,0.25,0.21,0.33
TRAIN_0249,0.59,0.59,0.51,0.59
TRAIN_0250,0.52,0.53,0.52,0.53
TRAIN_0251,0.58,0.41,0.43,0.4
TRAIN_0252,0.65,0.65,0.65,0.65
TRAIN_0253,0.99,0.54,0.52,0.57
TRAIN_0254,0.45,0.47,0.44,0.46
TRAIN_0255,0.5,0.5,0.5,0.5
TRAIN_0256,0.64,0.64,0.64,0.64
TRAIN_0257,0.57,0.57,0.57,0.57
TRAIN_0258,0.37,0.67,0.68,0.7
TRAIN_0259,0.53,0.48,0.54,0.55
TRAIN_0260,0.99,0.52,0.48,0.53
TRAIN_0261,0.69,0.62,0.59,0.54
TRAIN_0262,0.17,0.5,0.54,0.51
TRAIN_0263,0.36,0.52,0.56,0.61
TRAIN_0264,0.89,0.49,0.5,0.49
TRAIN_0265,0.89,0.5,0.49,0.53
TRAIN_0266,0.06,0.51,0.53,0.54
TRAIN_0267,0.46,0.46,0.49,0.46
TRAIN_0268,0.99,0.59,0.58,0.57
TRAIN_0269,0.77,0.77,0.77,0.77
TRAIN_0270,0.29,0.29,0.51,0.49
TRAIN_0271,0.49,0.49,0.49,0.49
TRAIN_0272,0.36,0.52,0.48,0.52
TRAIN_0273,0.34,0.34,0.34,0.34
TRAIN_0274,0.58,0.5,0.48,0.5
TRAIN_0275,0.75,0.48,0.53,0.51
TRAIN_0276,0.76,0.76,0.76,0.76
TRAIN_0277,0.52,0.54,0.54,0.55
TRAIN_0278,0.6,0.52,0.52,0.5
TRAIN_0279,0.82,0.55,0.5,0.5
TRAIN_0280,0.6,0.59,0.6,0.61
TRAIN_0281,0.52,0.53,0.45,0.51
TRAIN_0282,0.28,0.28,0.28,0.28
TRAIN_0283,0.22,0.22,0.58,0.22
TRAIN_0284,0.02,0.02,0.02,0.02
TRAIN_0285,0.48,0.5,0.5,0.51
TRAIN_0286,0.21,0.21,0.21,0.21
TRAIN_0287,0.41,0.51,0.48,0.49
TRAIN_0288,0.16,0.16,0.16,0.16
TRAIN_0289,0.37,0.5,0.37,0.55
TRAIN_0290,0.13,0.13,0.13,0.13
TRAIN_0291,0.25,0.48,0.61,0.59
TRAIN_0292,0.12,0.12,0.12,0.12
TRAIN_0293,0.95,0.95,0.95,0.51
TRAIN_0294,0.96,0.96,0.96,0.96
TRAIN_0295,0.82,0.51,0.51,0.54
TRAIN_0296,0.5,0.41,0.41,0.46
TRAIN_0297,0.24,0.53,0.24,0.24
TRAIN_0298,0.3,0.3,0.3,0.3
TRAIN_0299,0.95,0.54,0.53,0.53
TRAIN_0300,0.76,0.76,0.76,0.76
TRAIN_0301,0.62,0.62,0.35,0.62
TRAIN_0302,0.97,0.58,0.53,0.54
TRAIN_0303,0.7,0.51,0.5,0.58
TRAIN_0304,0.12,0.5,0.56,0.12
TRAIN_0305,0.07,0.57,0.56,0.57
TRAIN_0306,0.51,0.55,0.62,0.62
TRAIN_0307,0.27,0.46,0.48,0.5
TRAIN_0308,0.49,0.49,0.49,0.49
TRAIN_0309,0.6,0.6,0.6,0.6
TRAIN_0310,0.66,0.5,0.55,0.49
TRAIN_0311,0.32,0.32,0.32,0.32
TRAIN_0312,0.7,0.7,0.7,0.42
TRAIN_0313,0.49,0.58,0.49,0.49
TRAIN_0314,0.37,0.51,0.51,0.51
TRAIN_0315,0.75,0.59,0.55,0.75
TRAIN_0316,0.57,0.33,0.57,0.57
TRAIN_0317,0.37,0.37,0.37,0.37
TRAIN_0318,0.89,0.89,0.47,0.89
TRAIN_0319,0.53,0.53,0.53,0.58
TRAIN_0320,0.81,0.81,0.81,0.81
TRAIN_0321,0.32,0.53,0.49,0.48
TRAIN_0322,0.18,0.18,0.46,0.18
TRAIN_0323,1.0,1.0,0.52,1.0
TRAIN_0324,0.71,0.42,0.47,0.47
TRAIN_0325,0.02,0.54,0.5,0.55
TRAIN_0326,0.42,0.49,0.48,0.49
TRAIN_0327,0.23,0.54,0.52,0.51
TRAIN_0328,0.89,0.55,0.55,0.54
TRAIN_0329,0.72,0.47,0.43,0.48
TRAIN_0330,0.16,0.16,0.16,0.5
TRAIN_0331,0.54,0.46,0.4,0.5
TRAIN_0332,0.56,0.49,0.44,0.52
TRAIN_0333,0.96,0.57,0.55,0.58
TRAIN_0334,0.01,0.01,0.01,0.01
TRAIN_0335,0.82,0.51,0.48,0.5
TRAIN_0336,0.56,0.48,0.5,0.51
TRAIN_0337,0.96,0.5,0.52,0.53
TRAIN_0338,0.2,0.2,0.2,0.2
TRAIN_0339,0.97,0.97,0.58,0.97
TRAIN_0340,0.66,0.47,0.48,0.51
TRAIN_0341,0.0,0.0,0.0,0.0
TRAIN_0342,0.97,0.48,0.45,0.45
TRAIN_0343,0.02,0.47,0.47,0.45
TRAIN_0344,0.86,0.86,0.86,0.86
TRAIN_0345,0.39,0.53,0.52,0.51
TRAIN_0346,0.62,0.62,0.62,0.62
TRAIN_0347,0.18,0.18,0.45,0.18
TRAIN_0348,0.86,0.86,0.86,0.86
TRAIN_0349,0.11,0.43,0.43,0.45
TRAIN_0350,0.07,0.47,0.5,0.45
TRAIN_0351,0.55,0.55,0.52,0.55
TRAIN_0352,0.86,0.43,0.42,0.41
TRAIN_0353,0.85,0.48,0.48,0.48
TRAIN_0354,0.89,0.58,0.57,0.58
TRAIN_0355,0.63,0.63,0.63,0.63
TRAIN_0356,0.28,0.55,0.56,0.56
TRAIN_0357,0.02,0.02,0.02,0.02
TRAIN_0358,0.68,0.5,0.68,0.68
TRAIN_0359,0.77,0.77,0.77,0.77
TRAIN_0360,0.05,0.54,0.05,0.05
TRAIN_0361,0.2,0.2,0.2,0.2
TRAIN_0362,0.76,0.76,0.53,0.76
TRAIN_0363,0.04,0.51,0.04,0.04
TRAIN_0364,0.56,0.49,0.54,0.49
TRAIN_0365,0.33,0.54,0.55,0.57
TRAIN_0366,0.68,0.4,0.38,0.39
TRAIN_0367,0.38,0.5,0.54,0.51
TRAIN_0368,0.98,0.98,0.52,0.98
TRAIN_0369,0.22,0.22,0.56,0.22
TRAIN_0370,0.6,0.64,0.59,0.61
TRAIN_0371,0.09,0.09,0.42,0.09
TRAIN_0372,0.51,0.51,0.51,0.57
TRAIN_0373,0.17,0.51,0.51,0.48
TRAIN_0374,0.01,0.01,0.45,0.01
TRAIN_0375,0.54,0.49,0.49,0.52
TRAIN_0376,0.75,0.75,0.75,0.75
TRAIN_0377,0.92,0.5,0.55,0.49
TRAIN_0378,0.76,0.53,0.76,0.76
TRAIN_0379,0.98,0.48,0.42,0.45
TRAIN_0380,0.59,0.59,0.59,0.59
TRAIN_0381,0.48,0.58,0.58,0.58
TRAIN_0382,0.26,0.26,0.26,0.26
TRAIN_0383,0.5,0.52,0.44,0.53
TRAIN_0384,0.64,0.64,0.55,0.64
TRAIN_0385,0.54,0.36,0.43,0.39
TRAIN_0386,0.31,0.52,0.31,0.31
TRAIN_0387,0.37,0.37,0.37,0.37
TRAIN_0388,0.41,0.41,0.41,0.41
TRAIN_0389,0.37,0.44,0.44,0.45
TRAIN_0390,0.09,0.48,0.55,0.52
TRAIN_0391,0.79,0.41,0.39,0.41
TRAIN_0392,0.99,0.46,0.47,0.51
TRAIN_0393,0.3,0.3,0.3,0.3
TRAIN_0394,0.15,0.5,0.49,0.51
TRAIN_0395,0.65,0.65,0.65,0.65
TRAIN_0396,0.26,0.39,0.38,0.4
TRAIN_0397,1.0,0.37,0.59,0.44
TRAIN_0398,0.52,0.56,0.51,0.56
TRAIN_0399,0.57,0.45,0.44,0.48
TRAIN_0400,0.16,0.16,0.6,0.16
TRAIN_0401,0.02,0.02,0.02,0.02
TRAIN_0402,0.4,0.48,0.45,0.46
TRAIN_0403,0.12,0.12,0.12,0.12
TRAIN_0404,0.13,0.55,0.13,0.13
TRAIN_0405,0.45,0.45,0.45,0.54
TRAIN_0406,0.96,0.58,0.55,0.6
TRAIN_0407,0.12,0.53,0.52,0.52
TRAIN_0408,0.65,0.5,0.58,0.5
TRAIN_0409,0.23,0.59,0.62,0.58
TRAIN_0410,0.36,0.52,0.6,0.5
TRAIN_0411,0.84,0.45,0.45,0.43
TRAIN_0412,0.93,0.47,0.93,0.93
TRAIN_0413,0.32,0.53,0.53,0.55
TRAIN_0414,0.67,0.49,0.5,0.43
TRAIN_0415,0.9,0.42,0.37,0.39
TRAIN_0416,0.32,0.58,0.67,0.66
TRAIN_0417,0.37,0.37,0.37,0.37
TRAIN_0418,0.19,0.19,0.19,0.19
TRAIN_0419,0.14,0.61,0.6,0.6
TRAIN_0420,0.88,0.88,0.88,0.88
TRAIN_0421,0.84,0.52,0.5,0.53
TRAIN_0422,0.21,0.21,0.21,0.21
TRAIN_0423,0.74,0.51,0.55,0.52
TRAIN_0424,0.54,0.54,0.54,0.49
TRAIN_0425,0.6,0.6,0.6,0.5
TRAIN_0426,0.16,0.49,0.48,0.47
TRAIN_0427,0.1,0.1,0.1,0.43
TRAIN_0428,0.12,0.12,0.12,0.12
TRAIN_0429,0.28,0.51,0.5,0.48
TRAIN_0430,0.82,0.82,0.82,0.82
TRAIN_0431,0.38,0.38,0.38,0.38
TRAIN_0432,0.17,0.54,0.56,0.56
TRAIN_0433,0.36,0.5,0.5,0.47
TRAIN_0434,0.14,0.5,0.49,0.48
TRAIN_0435,0.72,0.61,0.6,0.63
TRAIN_0436,0.55,0.65,0.55,0.55
TRAIN_0437,0.7,0.54,0.53,0.54
TRAIN_0438,0.59,0.46,0.46,0.46
TRAIN_0439,0.52,0.56,0.58,0.56
TRAIN_0440,0.18,0.5,0.47,0.47
TRAIN_0441,0.11,0.54,0.11,0.11
TRAIN_0442,0.98,0.49,0.47,0.45
TRAIN_0443,0.09,0.09,0.09,0.54
TRAIN_0444,0.14,0.53,0.14,0.14
TRAIN_0445,0.68,0.53,0.68,0.68
TRAIN_0446,0.07,0.07,0.07,0.07
TRAIN_0447,0.6,0.4,0.39,0.39
TRAIN_0448,0.13,0.13,0.13,0.13
TRAIN_0449,0.54,0.54,0.54,0.54
TRAIN_0450,0.61,0.5,0.45,0.51
TRAIN_0451,0.39,0.48,0.53,0.48
TRAIN_0452,0.62,0.62,0.62,0.62
TRAIN_0453,0.1,0.4,0.5,0.1
TRAIN_0454,0.75,0.75,0.75,0.52
TRAIN_0455,0.91,0.51,0.54,0.46
TRAIN_0456,0.89,0.48,0.47,0.5
TRAIN_0457,0.52,0.52,0.52,0.52
TRAIN_0458,0.42,0.49,0.45,0.45
TRAIN_0459,0.74,0.74,0.58,0.74
TRAIN_0460,0.52,0.52,0.48,0.52
TRAIN_0461,0.78,0.46,0.51,0.47
TRAIN_0462,0.11,0.11,0.11,0.46
TRAIN_0463,0.31,0.31,0.31,0.31
TRAIN_0464,0.06,0.46,0.43,0.46
TRAIN_0465,0.96,0.96,0.55,0.96
TRAIN_0466,0.31,0.53,0.57,0.53
TRAIN_0467,0.08,0.48,0.49,0.48
TRAIN_0468,0.31,0.31,0.31,0.31
TRAIN_0469,0.06,0.5,0.5,0.5
TRAIN_0470,0.78,0.45,0.46,0.45
TRAIN_0471,0.49,0.57,0.49,0.49
TRAIN_0472,0.5,0.44,0.49,0.41
TRAIN_0473,0.46,0.54,0.54,0.49
TRAIN_0474,0.48,0.48,0.43,0.48
TRAIN_0475,0.15,0.52,0.52,0.52
TRAIN_0476,0.38,0.38,0.38,0.38
TRAIN_0477,0.31,0.43,0.47,0.48
TRAIN_0478,0.6,0.5,0.5,0.48
TRAIN_0479,0.82,0.51,0.55,0.52
TRAIN_0480,0.71,0.71,0.71,0.71
TRAIN_0481,0.21,0.42,0.21,0.21
TRAIN_0482,0.57,0.39,0.38,0.34
TRAIN_0483,0.31,0.46,0.31,0.31
TRAIN_0484,0.57,0.52,0.57,0.57
TRAIN_0485,0.11,0.65,0.58,0.67
TRAIN_0486,0.49,0.49,0.49,0.49
TRAIN_0487,0.97,0.97,0.57,0.97
TRAIN_0488,0.85,0.85,0.44,0.85
TRAIN_0489,0.01,0.01,0.01,0.01
TRAIN_0490,0.56,0.54,0.53,0.53
TRAIN_0491,0.11,0.54,0.52,0.53
TRAIN_0492,0.0,0.0,0.57,0.0
TRAIN_0493,0.93,0.93,0.93,0.93
TRAIN_0494,0.12,0.12,0.12,0.6
TRAIN_0495,0.96,0.96,0.96,0.96
TRAIN_0496,0.51,0.55,0.51,0.51
TRAIN_0497,0.24,0.53,0.24,0.24
TRAIN_0498,0.02,0.02,0.02,0.02
TRAIN_0499,0.16,0.58,0.16,0.16
TRAIN_0500,0.03,0.03,0.59,0.61
TRAIN_0501,0.29,0.41,0.45,0.45
TRAIN_0502,0.18,0.54,0.53,0.5
TRAIN_0503,0.01,0.45,0.41,0.45
TRAIN_0504,0.84,0.5,0.56,0.5
TRAIN_0505,0.59,0.56,0.57,0.51
TRAIN_0506,0.62,0.52,0.54,0.53
TRAIN_0507,0.73,0.73,0.55,0.73
TRAIN_0508,0.74,0.74,0.74,0.74
TRAIN_0509,0.94,0.5,0.49,0.52
TRAIN_0510,0.3,0.52,0.51,0.52
TRAIN_0511,0.15,0.15,0.15,0.15
TRAIN_0512,0.73,0.73,0.73,0.5
TRAIN_0513,0.94,0.49,0.51,0.53
TRAIN_0514,0.25,0.47,0.51,0.49
TRAIN_0515,0.2,0.45,0.44,0.42
TRAIN_0516,0.34,0.34,0.34,0.34
TRAIN_0517,0.67,0.67,0.67,0.67
TRAIN_0518,0.94,0.53,0.54,0.49
TRAIN_0519,0.63,0.63,0.63,0.63
TRAIN_0520,0.58,0.49,0.44,0.49
TRAIN_0521,0.2,0.54,0.51,0.55
TRAIN_0522,0.96,0.96,0.96,0.96
TRAIN_0523,0.22,0.51,0.47,0.51
TRAIN_0524,0.77,0.5,0.51,0.5
TRAIN_0525,0.53,0.54,0.56,0.54
TRAIN_0526,0.55,0.4,0.41,0.4
TRAIN_0527,0.74,0.74,0.36,0.36
TRAIN_0528,0.88,0.88,0.88,0.88
TRAIN_0529,0.04,0.04,0.61,0.04
TRAIN_0530,0.16,0.53,0.45,0.53
TRAIN_0531,0.26,0.48,0.26,0.26
TRAIN_0532,0.13,0.13,0.13,0.47
TRAIN_0533,0.33,0.51,0.47,0.53
TRAIN_0534,0.47,0.47,0.47,0.47
TRAIN_0535,0.13,0.6,0.6,0.58
TRAIN_0536,0.72,0.72,0.72,0.72
TRAIN_0537,0.12,0.12,0.12,0.12
TRAIN_0538,0.71,0.44,0.42,0.41
TRAIN_0539,0.85,0.85,0.49,0.85
TRAIN_0540,0.17,0.54,0.54,0.52
TRAIN_0541,0.61,0.45,0.4,0.45
TRAIN_0542,0.6,0.48,0.49,0.52
TRAIN_0543,0.7,0.41,0.4,0.42
TRAIN_0544,0.64,0.46,0.42,0.44
TRAIN_0545,0.41,0.43,0.46,0.49
TRAIN_0546,0.08,0.08,0.08,0.08
TRAIN_0547,0.9,0.5,0.52,0.47
TRAIN_0548,0.17,0.17,0.17,0.17
TRAIN_0549,0.7,0.7,0.7,0.42
TRAIN_0550,0.51,0.51,0.51,0.51
TRAIN_0551,0.16,0.45,0.44,0.45
TRAIN_0552,0.36,0.5,0.47,0.46
TRAIN_0553,0.09,0.09,0.09,0.09
TRAIN_0554,0.76,0.76,0.55,0.76
TRAIN_0555,0.2,0.42,0.42,0.42
TRAIN_0556,0.84,0.53,0.84,0.84
TRAIN_0557,0.11,0.11,0.11,0.11
TRAIN_0558,0.83,0.83,0.83,0.83
TRAIN_0559,0.31,0.43,0.45,0.48
TRAIN_0560,0.66,0.38,0.37,0.35
TRAIN_0561,0.1,0.1,0.1,0.1
TRAIN_0562,0.91,0.52,0.5,0.52
TRAIN_0563,0.34,0.34,0.34,0.34
TRAIN_0564,0.23,0.46,0.51,0.5
TRAIN_0565,0.45,0.55,0.54,0.53
TRAIN_0566,0.07,0.07,0.07,0.07
TRAIN_0567,0.19,0.39,0.19,0.19
TRAIN_0568,0.7,0.5,0.49,0.47
TRAIN_0569,0.04,0.04,0.04,0.04
TRAIN_0570,0.54,0.51,0.53,0.51
TRAIN_0571,0.49,0.49,0.49,0.49
TRAIN_0572,0.25,0.4,0.52,0.49
TRAIN_0573,0.26,0.26,0.26,0.26
TRAIN_0574,0.12,0.37,0.42,0.38
TRAIN_0575,0.18,0.47,0.48,0.42
TRAIN_0576,0.11,0.11,0.11,0.48
TRAIN_0577,0.73,0.73,0.73,0.73
TRAIN_0578,0.09,0.09,0.09,0.09
TRAIN_0579,0.88,0.52,0.52,0.59
TRAIN_0580,0.42,0.59,0.62,0.56
TRAIN_0581,0.72,0.72,0.72,0.72
TRAIN_0582,0.52,0.52,0.52,0.52
TRAIN_0583,0.65,0.48,0.57,0.54
TRAIN_0584,0.45,0.45,0.45,0.45
TRAIN_0585,0.57,0.51,0.53,0.53
TRAIN_0586,0.72,0.72,0.72,0.57
TRAIN_0587,0.88,0.42,0.56,0.42
TRAIN_0588,0.15,0.52,0.57,0.52
TRAIN_0589,0.67,0.67,0.67,0.67
TRAIN_0590,0.01,0.01,0.01,0.01
TRAIN_0591,0.05,0.47,0.5,0.47
TRAIN_0592,0.23,0.5,0.5,0.53
TRAIN_0593,0.34,0.34,0.34,0.34
TRAIN_0594,0.43,0.43,0.46,0.43
TRAIN_0595,0.78,0.78,0.78,0.78
TRAIN_0596,0.21,0.47,0.47,0.51
TRAIN_0597,0.5,0.41,0.41,0.41
TRAIN_0598,0.92,0.53,0.56,0.54
TRAIN_0599,0.76,0.53,0.51,0.5
TRAIN_0600,0.97,0.97,0.97,0.97
TRAIN_0601,0.26,0.59,0.55,0.56
TRAIN_0602,0.92,0.43,0.4,0.5
TRAIN_0603,0.94,0.94,0.94,0.94
TRAIN_0604,0.05,0.51,0.52,0.53
TRAIN_0605,0.7,0.7,0.48,0.7
TRAIN_0606,0.01,0.54,0.52,0.53
TRAIN_0607,0.68,0.51,0.51,0.51
TRAIN_0608,0.74,0.74,0.74,0.74
TRAIN_0609,0.83,0.54,0.5,0.54
TRAIN_0610,0.36,0.36,0.54,0.59
TRAIN_0611,0.18,0.56,0.54,0.47
TRAIN_0612,0.98,0.53,0.48,0.55
TRAIN_0613,0.26,0.26,0.26,0.26
TRAIN_0614,0.69,0.69,0.69,0.69
TRAIN_0615,0.53,0.56,0.53,0.53
TRAIN_0616,0.13,0.13,0.45,0.41
TRAIN_0617,0.38,0.38,0.38,0.38
TRAIN_0618,0.45,0.45,0.45,0.45
TRAIN_0619,0.0,0.55,0.0,0.0
TRAIN_0620,0.05,0.5,0.54,0.55
TRAIN_0621,0.49,0.47,0.5,0.45
TRAIN_0622,0.13,0.49,0.41,0.44
TRAIN_0623,0.72,0.72,0.72,0.72
TRAIN_0624,0.48,0.52,0.49,0.53
TRAIN_0625,0.71,0.52,0.53,0.57
TRAIN_0626,0.07,0.52,0.53,0.49
TRAIN_0627,0.23,0.51,0.46,0.49
TRAIN_0628,0.86,0.86,0.86,0.86
TRAIN_0629,0.78,0.54,0.51,0.56
TRAIN_0630,0.37,0.52,0.37,0.37
TRAIN_0631,0.15,0.15,0.15,0.15
TRAIN_0632,0.61,0.61,0.48,0.61
TRAIN_0633,0.23,0.23,0.23,0.23
TRAIN_0634,0.84,0.61,0.62,0.55
TRAIN_0635,0.27,0.44,0.45,0.46
TRAIN_0636,0.54,0.52,0.47,0.49
TRAIN_0637,0.11,0.11,0.53,0.11
TRAIN_0638,0.41,0.41,0.41,0.41
TRAIN_0639,0.66,0.66,0.66,0.66
TRAIN_0640,0.23,0.23,0.23,0.23
TRAIN_0641,0.81,0.56,0.51,0.55
TRAIN_0642,0.63,0.63,0.63,0.63
TRAIN_0643,0.43,0.43,0.43,0.43
TRAIN_0644,0.37,0.53,0.49,0.5
TRAIN_0645,0.08,0.52,0.51,0.51
TRAIN_0646,0.09,0.09,0.57,0.09
TRAIN_0647,0.78,0.38,0.45,0.54
TRAIN_0648,0.76,0.61,0.76,0.76
TRAIN_0649,0.12,0.49,0.53,0.51
TRAIN_0650,0.21,0.21,0.21,0.21
TRAIN_0651,0.43,0.5,0.48,0.51
TRAIN_0652,0.41,0.58,0.5,0.41
TRAIN_0653,0.94,0.52,0.54,0.53
TRAIN_0654,0.72,0.48,0.48,0.51
TRAIN_0655,0.83,0.83,0.83,0.83
TRAIN_0656,0.07,0.5,0.44,0.55
TRAIN_0657,0.88,0.51,0.51,0.54
TRAIN_0658,0.13,0.45,0.47,0.41
TRAIN_0659,0.9,0.54,0.57,0.55
TRAIN_0660,0.36,0.36,0.36,0.36
TRAIN_0661,0.06,0.06,0.06,0.06
TRAIN_0662,0.92,0.6,0.52,0.56
TRAIN_0663,0.29,0.29,0.29,0.29
TRAIN_0664,0.23,0.23,0.23,0.46
TRAIN_0665,0.28,0.28,0.28,0.28
TRAIN_0666,0.31,0.54,0.31,0.31
TRAIN_0667,0.78,0.55,0.55,0.55
TRAIN_0668,0.91,0.43,0.43,0.38
TRAIN_0669,0.77,0.77,0.77,0.53
TRAIN_0670,0.2,0.2,0.2,0.58
TRAIN_0671,0.73,0.73,0.73,0.73
TRAIN_0672,0.16,0.16,0.16,0.16
TRAIN_0673,0.47,0.46,0.46,0.48
TRAIN_0674,0.14,0.47,0.5,0.53
TRAIN_0675,0.19,0.19,0.19,0.19
TRAIN_0676,0.49,0.46,0.49,0.43
TRAIN_0677,0.74,0.44,0.44,0.5
TRAIN_0678,0.54,0.54,0.56,0.56
TRAIN_0679,0.26,0.57,0.26,0.26
TRAIN_0680,0.66,0.5,0.51,0.47
TRAIN_0681,0.12,0.12,0.12,0.12
TRAIN_0682,0.35,0.53,0.55,0.5
TRAIN_0683,0.23,0.45,0.43,0.46
TRAIN_0684,0.31,0.42,0.31,0.31
TRAIN_0685,0.75,0.55,0.75,0.75
TRAIN_0686,0.89,0.55,0.53,0.5
TRAIN_0687,0.16,0.46,0.46,0.48
TRAIN_0688,0.06,0.49,0.49,0.51
TRAIN_0689,0.82,0.55,0.53,0.54
TRAIN_0690,0.03,0.45,0.48,0.4
TRAIN_0691,0.59,0.54,0.51,0.6
TRAIN_0692,0.7,0.51,0.48,0.46
TRAIN_0693,0.14,0.14,0.14,0.14
TRAIN_0694,0.04,0.51,0.04,0.04
TRAIN_0695,0.63,0.41,0.4,0.36
TRAIN_0696,0.72,0.59,0.55,0.57
TRAIN_0697,0.79,0.79,0.79,0.79
TRAIN_0698,0.76,0.43,0.4,0.76
TRAIN_0699,0.61,0.46,0.61,0.61
TRAIN_0700,0.52,0.53,0.51,0.48
TRAIN_0701,0.84,0.57,0.84,0.84
TRAIN_0702,0.86,0.86,0.86,0.86
TRAIN_0703,0.48,0.48,0.48,0.48
TRAIN_0704,0.73,0.48,0.52,0.54
TRAIN_0705,0.78,0.53,0.49,0.47
TRAIN_0706,0.62,0.57,0.62,0.62
TRAIN_0707,0.91,0.47,0.5,0.49
TRAIN_0708,0.93,0.51,0.44,0.42
TRAIN_0709,0.19,0.19,0.19,0.19
TRAIN_0710,0.17,0.53,0.51,0.51
TRAIN_0711,0.97,0.48,0.46,0.53
TRAIN_0712,0.58,0.44,0.48,0.48
TRAIN_0713,0.62,0.45,0.48,0.43
TRAIN_0714,0.6,0.51,0.46,0.55
TRAIN_0715,0.14,0.52,0.51,0.14
TRAIN_0716,0.87,0.53,0.51,0.49
TRAIN_0717,0.86,0.86,0.86,0.86
TRAIN_0718,0.1,0.54,0.51,0.51
TRAIN_0719,0.37,0.37,0.37,0.37
TRAIN_0720,0.82,0.82,0.82,0.52
TRAIN_0721,0.7,0.42,0.7,0.7
TRAIN_0722,0.08,0.49,0.48,0.47
TRAIN_0723,0.01,0.56,0.56,0.53
TRAIN_0724,0.87,0.44,0.87,0.87
TRAIN_0725,0.4,0.47,0.47,0.46
TRAIN_0726,0.1,0.1,0.1,0.1
TRAIN_0727,0.51,0.51,0.51,0.51
TRAIN_0728,0.3,0.3,0.3,0.3
TRAIN_0729,0.19,0.19,0.19,0.19
TRAIN_0730,0.14,0.52,0.51,0.14
TRAIN_0731,0.23,0.51,0.48,0.52
TRAIN_0732,0.69,0.69,0.69,0.49
TRAIN_0733,0.34,0.34,0.57,0.34
TRAIN_0734,0.41,0.54,0.5,0.54
TRAIN_0735,0.59,0.42,0.4,0.4
TRAIN_0736,0.39,0.47,0.47,0.45
TRAIN_0737,0.07,0.07,0.07,0.55
TRAIN_0738,0.82,0.5,0.52,0.51
TRAIN_0739,0.12,0.47,0.5,0.45
TRAIN_0740,0.34,0.34,0.34,0.34
TRAIN_0741,0.09,0.09,0.58,0.09
TRAIN_0742,0.08,0.51,0.08,0.08
TRAIN_0743,0.52,0.49,0.49,0.45
TRAIN_0744,0.7,0.7,0.7,0.7
TRAIN_0745,0.09,0.09,0.09,0.09
TRAIN_0746,0.09,0.41,0.45,0.42
TRAIN_0747,0.44,0.44,0.44,0.44
TRAIN_0748,0.28,0.51,0.5,0.51
TRAIN_0749,0.05,0.49,0.43,0.44
TRAIN_0750,0.37,0.37,0.37,0.37
TRAIN_0751,0.87,0.56,0.57,0.55
TRAIN_0752,0.36,0.55,0.47,0.53
TRAIN_0753,0.71,0.71,0.71,0.71
TRAIN_0754,0.44,0.44,0.44,0.58
TRAIN_0755,0.08,0.08,0.08,0.08
TRAIN_0756,0.61,0.54,0.6,0.45
TRAIN_0757,0.61,0.61,0.61,0.61
TRAIN_0758,0.55,0.45,0.48,0.45
TRAIN_0759,0.85,0.47,0.51,0.5
TRAIN_0760,0.85,0.38,0.85,0.38
TRAIN_0761,0.99,0.99,0.99,0.99
TRAIN_0762,0.34,0.34,0.34,0.34
TRAIN_0763,0.78,0.4,0.44,0.4
TRAIN_0764,0.52,0.55,0.55,0.55
TRAIN_0765,0.72,0.55,0.55,0.56
TRAIN_0766,0.59,0.53,0.59,0.59
TRAIN_0767,0.33,0.33,0.59,0.33
TRAIN_0768,0.91,0.91,0.53,0.91
TRAIN_0769,0.02,0.49,0.48,0.48
TRAIN_0770,0.86,0.86,0.86,0.86
TRAIN_0771,0.75,0.48,0.45,0.46
TRAIN_0772,0.34,0.34,0.34,0.34
TRAIN_0773,0.4,0.56,0.4,0.4
TRAIN_0774,0.01,0.01,0.01,0.01
TRAIN_0775,0.07,0.07,0.56,0.07
TRAIN_0776,0.29,0.29,0.29,0.29
TRAIN_0777,0.81,0.57,0.55,0.67
TRAIN_0778,0.06,0.06,0.44,0.06
TRAIN_0779,0.56,0.5,0.56,0.56
TRAIN_0780,0.52,0.52,0.52,0.52
TRAIN_0781,0.88,0.88,0.88,0.88
TRAIN_0782,0.13,0.13,0.13,0.13
TRAIN_0783,0.51,0.48,0.51,0.51
TRAIN_0784,0.92,0.92,0.55,0.92
TRAIN_0785,0.42,0.46,0.45,0.46
TRAIN_0786,0.74,0.46,0.46,0.45
TRAIN_0787,0.11,0.49,0.51,0.49
TRAIN_0788,0.46,0.54,0.57,0.46
TRAIN_0789,0.31,0.46,0.43,0.39
TRAIN_0790,0.19,0.19,0.19,0.19
TRAIN_0791,0.27,0.46,0.41,0.44
TRAIN_0792,0.37,0.59,0.66,0.68
TRAIN_0793,0.53,0.53,0.53,0.53
TRAIN_0794,0.74,0.74,0.74,0.74
TRAIN_0795,0.39,0.53,0.54,0.56
TRAIN_0796,0.74,0.51,0.74,0.74
TRAIN_0797,0.76,0.76,0.76,0.76
TRAIN_0798,0.1,0.55,0.54,0.54
TRAIN_0799,0.78,0.58,0.6,0.53
TRAIN_0800,0.48,0.48,0.44,0.48
TRAIN_0801,0.29,0.5,0.53,0.51
TRAIN_0802,0.73,0.73,0.52,0.73
TRAIN_0803,0.39,0.56,0.51,0.46
TRAIN_0804,0.74,0.58,0.74,0.57
TRAIN_0805,0.11,0.11,0.11,0.55
TRAIN_0806,0.47,0.49,0.51,0.51
TRAIN_0807,0.32,0.32,0.32,0.45
TRAIN_0808,0.45,0.46,0.5,0.47
TRAIN_0809,0.95,0.95,0.95,0.95
TRAIN_0810,0.04,0.04,0.04,0.04
TRAIN_0811,0.75,0.52,0.49,0.52
TRAIN_0812,0.41,0.51,0.54,0.55
TRAIN_0813,0.6,0.6,0.6,0.6
TRAIN_0814,0.39,0.41,0.39,0.39
TRAIN_0815,0.56,0.48,0.45,0.45
TRAIN_0816,0.96,0.96,0.96,0.96
TRAIN_0817,0.82,0.82,0.82,0.48
TRAIN_0818,0.34,0.45,0.44,0.46
TRAIN_0819,0.4,0.61,0.54,0.53
TRAIN_0820,0.37,0.37,0.37,0.37
TRAIN_0821,0.59,0.52,0.5,0.51
TRAIN_0822,0.13,0.13,0.13,0.52
TRAIN_0823,0.61,0.61,0.61,0.61
TRAIN_0824,0.53,0.53,0.53,0.6
TRAIN_0825,0.61,0.42,0.45,0.42
TRAIN_0826,0.78,0.78,0.46,0.78
TRAIN_0827,0.99,0.51,0.52,0.51
TRAIN_0828,0.46,0.5,0.48,0.56
TRAIN_0829,0.28,0.28,0.28,0.28
TRAIN_0830,0.61,0.49,0.61,0.61
TRAIN_0831,0.66,0.49,0.48,0.5
TRAIN_0832,0.95,0.57,0.57,0.55
TRAIN_0833,0.77,0.54,0.48,0.54
TRAIN_0834,0.73,0.73,0.5,0.73
TRAIN_0835,0.36,0.36,0.36,0.36
TRAIN_0836,0.64,0.64,0.64,0.64
TRAIN_0837,1.0,0.46,0.46,0.46
TRAIN_0838,0.15,0.15,0.15,0.15
TRAIN_0839,0.66,0.66,0.5,0.66
TRAIN_0840,0.3,0.3,0.3,0.46
TRAIN_0841,0.08,0.36,0.42,0.42
TRAIN_0842,0.08,0.46,0.42,0.42
TRAIN_0843,0.19,0.19,0.19,0.19
TRAIN_0844,0.56,0.49,0.46,0.51
TRAIN_0845,0.97,0.97,0.97,0.97
TRAIN_0846,0.55,0.46,0.55,0.55
TRAIN_0847,0.36,0.36,0.36,0.36
TRAIN_0848,0.55,0.47,0.46,0.46
TRAIN_0849,0.11,0.51,0.11,0.11
TRAIN_0850,0.81,0.81,0.55,0.81
TRAIN_0851,0.42,0.48,0.5,0.5
TRAIN_0852,0.01,0.01,0.52,0.01
TRAIN_0853,0.36,0.57,0.57,0.65
TRAIN_0854,0.23,0.23,0.23,0.58
TRAIN_0855,0.71,0.71,0.71,0.56
TRAIN_0856,0.0,0.0,0.0,0.0
TRAIN_0857,0.3,0.51,0.46,0.52
TRAIN_0858,0.62,0.47,0.46,0.48
TRAIN_0859,0.51,0.51,0.51,0.51
TRAIN_0860,0.3,0.55,0.55,0.54
TRAIN_0861,0.4,0.43,0.46,0.48
TRAIN_0862,0.27,0.27,0.27,0.58
TRAIN_0863,0.49,0.54,0.55,0.56
TRAIN_0864,0.95,0.95,0.95,0.95
TRAIN_0865,0.51,0.51,0.51,0.57
TRAIN_0866,0.06,0.56,0.5,0.47
TRAIN_0867,0.11,0.11,0.11,0.55
TRAIN_0868,0.43,0.43,0.43,0.43
TRAIN_0869,0.13,0.63,0.13,0.63
TRAIN_0870,0.41,0.53,0.44,0.52
TRAIN_0871,0.71,0.71,0.71,0.55
TRAIN_0872,0.25,0.46,0.46,0.25
TRAIN_0873,0.97,0.47,0.47,0.47
TRAIN_0874,0.37,0.5,0.37,0.53
TRAIN_0875,0.01,0.01,0.01,0.01
TRAIN_0876,0.05,0.53,0.54,0.43
TRAIN_0877,0.31,0.51,0.31,0.31
TRAIN_0878,0.59,0.59,0.59,0.59
TRAIN_0879,0.0,0.0,0.52,0.0
TRAIN_0880,0.42,0.42,0.42,0.42
TRAIN_0881,0.74,0.61,0.59,0.63
TRAIN_0882,0.92,0.53,0.51,0.53
TRAIN_0883,0.9,0.46,0.42,0.42
TRAIN_0884,0.03,0.49,0.03,0.03
TRAIN_0885,0.34,0.5,0.5,0.54
TRAIN_0886,0.01,0.44,0.54,0.5
TRAIN_0887,0.58,0.5,0.63,0.64
TRAIN_0888,0.25,0.49,0.48,0.48
TRAIN_0889,0.96,0.49,0.48,0.96
TRAIN_0890,0.85,0.49,0.45,0.49
TRAIN_0891,0.4,0.4,0.4,0.4
TRAIN_0892,0.37,0.48,0.54,0.51
TRAIN_0893,0.31,0.4,0.41,0.46
TRAIN_0894,0.24,0.24,0.24,0.24
TRAIN_0895,0.26,0.26,0.51,0.26
TRAIN_0896,0.32,0.46,0.49,0.55
TRAIN_0897,0.78,0.45,0.45,0.48
TRAIN_0898,0.3,0.3,0.3,0.3
TRAIN_0899,0.18,0.59,0.6,0.6
TRAIN_0900,0.57,0.57,0.57,0.57
TRAIN_0901,0.99,0.49,0.49,0.47
TRAIN_0902,0.33,0.33,0.33,0.33
TRAIN_0903,0.91,0.45,0.46,0.49
TRAIN_0904,0.4,0.4,0.4,0.4
TRAIN_0905,0.7,0.53,0.53,0.59
TRAIN_0906,0.55,0.55,0.42,0.55
TRAIN_0907,0.42,0.53,0.48,0.51
TRAIN_0908,0.14,0.55,0.52,0.53
TRAIN_0909,0.22,0.55,0.56,0.53
TRAIN_0910,0.99,0.45,0.46,0.47
TRAIN_0911,0.99,0.54,0.54,0.52
TRAIN_0912,0.46,0.46,0.46,0.54
TRAIN_0913,0.17,0.58,0.58,0.51
TRAIN_0914,0.35,0.58,0.57,0.58
TRAIN_0915,0.48,0.48,0.48,0.48
TRAIN_0916,0.98,0.98,0.98,0.45
TRAIN_0917,0.43,0.51,0.52,0.56
TRAIN_0918,0.77,0.48,0.77,0.77
TRAIN_0919,0.81,0.81,0.81,0.81
TRAIN_0920,0.02,0.49,0.5,0.49
TRAIN_0921,0.52,0.52,0.52,0.47
TRAIN_0922,0.24,0.24,0.24,0.24
TRAIN_0923,0.37,0.37,0.37,0.37
TRAIN_0924,0.71,0.51,0.48,0.48
TRAIN_0925,0.89,0.44,0.41,0.5
TRAIN_0926,0.41,0.41,0.56,0.41
TRAIN_0927,0.22,0.48,0.5,0.53
TRAIN_0928,0.68,0.68,0.68,0.48
TRAIN_0929,0.26,0.26,0.26,0.26
TRAIN_0930,0.76,0.55,0.57,0.53
TRAIN_0931,0.81,0.81,0.81,0.81
TRAIN_0932,0.94,0.94,0.51,0.94
TRAIN_0933,0.14,0.46,0.48,0.48
TRAIN_0934,0.34,0.56,0.55,0.55
TRAIN_0935,0.29,0.58,0.29,0.29
TRAIN_0936,0.75,0.55,0.54,0.51
TRAIN_0937,0.7,0.7,0.7,0.45
TRAIN_0938,0.86,0.49,0.53,0.51
TRAIN_0939,0.7,0.46,0.45,0.46
TRAIN_0940,0.28,0.47,0.28,0.48
TRAIN_0941,0.06,0.61,0.63,0.54
TRAIN_0942,0.55,0.55,0.5,0.5
TRAIN_0943,0.76,0.76,0.76,0.58
TRAIN_0944,0.45,0.43,0.4,0.42
TRAIN_0945,0.19,0.56,0.19,0.19
TRAIN_0946,0.16,0.16,0.16,0.16
TRAIN_0947,0.49,0.54,0.49,0.49
TRAIN_0948,0.98,0.64,0.57,0.6
TRAIN_0949,0.01,0.01,0.49,0.01
TRAIN_0950,0.7,0.54,0.55,0.55
TRAIN_0951,0.47,0.47,0.47,0.47
TRAIN_0952,0.27,0.5,0.45,0.51
TRAIN_0953,0.42,0.42,0.42,0.43
TRAIN_0954,0.26,0.26,0.26,0.26
TRAIN_0955,0.72,0.53,0.53,0.53
TRAIN_0956,0.69,0.51,0.49,0.47
TRAIN_0957,0.94,0.94,0.94,0.94
TRAIN_0958,0.44,0.44,0.44,0.44
TRAIN_0959,0.23,0.23,0.23,0.46
TRAIN_0960,0.64,0.64,0.64,0.64
TRAIN_0961,0.12,0.5,0.56,0.12
TRAIN_0962,0.82,0.82,0.47,0.82
TRAIN_0963,0.93,0.47,0.47,0.46
TRAIN_0964,0.05,0.53,0.49,0.49
TRAIN_0965,0.39,0.39,0.39,0.39
TRAIN_0966,0.17,0.53,0.17,0.17
TRAIN_0967,0.06,0.54,0.52,0.54
TRAIN_0968,0.35,0.52,0.5,0.49
TRAIN_0969,0.88,0.48,0.88,0.54
TRAIN_0970,0.05,0.47,0.51,0.46
TRAIN_0971,0.77,0.47,0.44,0.52
TRAIN_0972,0.03,0.39,0.43,0.4
TRAIN_0973,0.64,0.56,0.55,0.54
TRAIN_0974,0.48,0.4,0.48,0.48
TRAIN_0975,0.04,0.45,0.45,0.45
TRAIN_0976,0.69,0.58,0.55,0.53
TRAIN_0977,0.96,0.51,0.53,0.48
TRAIN_0978,0.88,0.55,0.52,0.52
TRAIN_0979,0.17,0.53,0.53,0.53
TRAIN_0980,0.15,0.15,0.15,0.15
TRAIN_0981,0.82,0.47,0.52,0.48
TRAIN_0982,0.04,0.49,0.47,0.46
TRAIN_0983,0.17,0.17,0.17,0.17
TRAIN_0984,0.02,0.52,0.53,0.52
TRAIN_0985,0.67,0.55,0.54,0.51
TRAIN_0986,0.98,0.98,0.98,0.98
TRAIN_0987,0.52,0.52,0.52,0.52
TRAIN_0988,0.48,0.48,0.5,0.48
TRAIN_0989,0.87,0.51,0.49,0.52
TRAIN_0990,0.86,0.86,0.86,0.86
TRAIN_0991,0.4,0.51,0.53,0.5
TRAIN_0992,0.12,0.4,0.43,0.42
TRAIN_0993,0.13,0.13,0.13,0.13
TRAIN_0994,0.23,0.61,0.63,0.58
TRAIN_0995,0.45,0.45,0.45,0.45
TRAIN_0996,0.47,0.47,0.47,0.48
TRAIN_0997,0.52,0.52,0.52,0.52
TRAIN_0998,0.54,0.53,0.49,0.51
TRAIN_0999,0.23,0.23,0.23,0.23
TRAIN_1000,0.61,0.49,0.51,0.46
TRAIN_1001,0.09,0.47,0.5,0.46
TRAIN_1002,0.94,0.5,0.52,0.49
TRAIN_1003,0.6,0.54,0.48,0.54
TRAIN_1004,0.5,0.48,0.55,0.53
TRAIN_1005,0.13,0.13,0.13,0.13
TRAIN_1006,0.71,0.71,0.71,0.71
TRAIN_1007,0.4,0.51,0.5,0.51
TRAIN_1008,0.57,0.53,0.53,0.52
TRAIN_1009,0.04,0.04,0.04,0.04
TRAIN_1010,0.79,0.79,0.79,0.79
TRAIN_1011,0.64,0.64,0.64,0.64
TRAIN_1012,0.53,0.53,0.53,0.53
TRAIN_1013,0.34,0.45,0.47,0.47
TRAIN_1014,0.04,0.53,0.54,0.52
TRAIN_1015,0.28,0.55,0.55,0.54
TRAIN_1016,0.45,0.45,0.45,0.45
TRAIN_1017,0.24,0.56,0.59,0.55
TRAIN_1018,0.45,0.45,0.45,0.56
TRAIN_1019,0.06,0.52,0.5,0.51
TRAIN_1020,0.36,0.36,0.36,0.36
TRAIN_1021,0.51,0.68,0.63,0.62
TRAIN_1022,0.71,0.71,0.71,0.48
TRAIN_1023,0.41,0.41,0.41,0.41
TRAIN_1024,0.32,0.32,0.32,0.48
TRAIN_1025,0.79,0.54,0.54,0.54
TRAIN_1026,0.27,0.27,0.27,0.63
TRAIN_1027,0.72,0.51,0.55,0.53
TRAIN_1028,0.14,0.42,0.14,0.14
TRAIN_1029,0.04,0.54,0.04,0.04
TRAIN_1030,0.92,0.4,0.5,0.46
TRAIN_1031,0.51,0.47,0.46,0.46
TRAIN_1032,0.25,0.43,0.42,0.43
TRAIN_1033,0.45,0.45,0.45,0.45
TRAIN_1034,0.04,0.55,0.51,0.49
TRAIN_1035,0.28,0.28,0.28,0.28
TRAIN_1036,0.54,0.51,0.51,0.5
TRAIN_1037,0.32,0.42,0.4,0.43
TRAIN_1038,0.8,0.8,0.8,0.8
TRAIN_1039,0.45,0.45,0.45,0.45
TRAIN_1040,0.16,0.51,0.48,0.52
TRAIN_1041,0.17,0.54,0.54,0.54
TRAIN_1042,0.97,0.49,0.97,0.97
TRAIN_1043,0.86,0.48,0.48,0.51
TRAIN_1044,0.63,0.63,0.63,0.63
TRAIN_1045,1.0,1.0,0.5,1.0
TRAIN_1046,0.07,0.43,0.48,0.41
TRAIN_1047,0.22,0.22,0.22,0.6
TRAIN_1048,0.45,0.47,0.47,0.48
TRAIN_1049,0.68,0.68,0.68,0.5
TRAIN_1050,0.35,0.47,0.49,0.53
TRAIN_1051,0.83,0.51,0.51,0.51
TRAIN_1052,0.19,0.19,0.19,0.19
TRAIN_1053,0.72,0.52,0.51,0.51
TRAIN_1054,0.65,0.65,0.65,0.65
TRAIN_1055,0.74,0.74,0.74,0.74
TRAIN_1056,0.4,0.4,0.4,0.4
TRAIN_1057,0.6,0.53,0.51,0.56
TRAIN_1058,0.3,0.45,0.45,0.46
TRAIN_1059,0.1,0.41,0.41,0.48
TRAIN_1060,0.95,0.56,0.55,0.57
TRAIN_1061,0.4,0.5,0.45,0.48
TRAIN_1062,0.5,0.5,0.5,0.5
TRAIN_1063,0.41,0.41,0.56,0.41
TRAIN_1064,0.77,0.42,0.41,0.45
TRAIN_1065,0.31,0.51,0.52,0.31
TRAIN_1066,0.68,0.52,0.53,0.52
TRAIN_1067,0.64,0.49,0.43,0.48
TRAIN_1068,0.42,0.6,0.59,0.56
TRAIN_1069,0.62,0.42,0.44,0.49
TRAIN_1070,0.4,0.4,0.4,0.4
TRAIN_1071,0.71,0.71,0.71,0.71
TRAIN_1072,0.26,0.26,0.26,0.26
TRAIN_1073,0.24,0.59,0.54,0.5
TRAIN_1074,0.05,0.05,0.05,0.05
TRAIN_1075,0.18,0.52,0.18,0.18
TRAIN_1076,0.83,0.52,0.54,0.56
TRAIN_1077,0.56,0.56,0.5,0.56
TRAIN_1078,0.39,0.39,0.39,0.39
TRAIN_1079,0.63,0.53,0.51,0.53
TRAIN_1080,0.41,0.41,0.41,0.41
TRAIN_1081,0.81,0.49,0.48,0.47
TRAIN_1082,0.84,0.84,0.84,0.84
TRAIN_1083,0.1,0.48,0.5,0.51
TRAIN_1084,0.51,0.48,0.53,0.54
TRAIN_1085,0.47,0.47,0.47,0.47
TRAIN_1086,0.54,0.54,0.55,0.54
TRAIN_1087,0.59,0.56,0.58,0.57
TRAIN_1088,0.26,0.26,0.54,0.26
TRAIN_1089,0.67,0.39,0.47,0.5
TRAIN_1090,0.27,0.48,0.48,0.49
TRAIN_1091,0.55,0.5,0.51,0.53
TRAIN_1092,0.15,0.51,0.49,0.48
TRAIN_1093,0.79,0.53,0.53,0.53
TRAIN_1094,0.73,0.73,0.53,0.73
TRAIN_1095,0.03,0.42,0.47,0.49
TRAIN_1096,0.7,0.53,0.54,0.51
TRAIN_1097,0.86,0.86,0.86,0.86
TRAIN_1098,0.04,0.55,0.55,0.46
TRAIN_1099,0.87,0.58,0.59,0.62
TRAIN_1100,0.41,0.41,0.41,0.41
TRAIN_1101,0.47,0.54,0.52,0.52
TRAIN_1102,0.95,0.95,0.95,0.57
TRAIN_1103,0.56,0.56,0.54,0.56
TRAIN_1104,0.65,0.48,0.49,0.5
TRAIN_1105,0.75,0.51,0.75,0.75
TRAIN_1106,0.68,0.68,0.68,0.5
TRAIN_1107,0.67,0.54,0.52,0.63
TRAIN_1108,0.64,0.53,0.46,0.6
TRAIN_1109,0.65,0.65,0.65,0.65
TRAIN_1110,0.39,0.39,0.39,0.39
TRAIN_1111,0.98,0.98,0.98,0.98
TRAIN_1112,0.03,0.03,0.03,0.4
TRAIN_1113,0.1,0.49,0.5,0.46
TRAIN_1114,0.55,0.57,0.58,0.56
TRAIN_1115,0.38,0.53,0.51,0.54
TRAIN_1116,0.54,0.54,0.54,0.42
TRAIN_1117,0.16,0.16,0.16,0.16
TRAIN_1118,0.97,0.48,0.48,0.47
TRAIN_1119,0.15,0.15,0.15,0.15
TRAIN_1120,0.13,0.56,0.13,0.13
TRAIN_1121,0.61,0.46,0.5,0.52
TRAIN_1122,0.9,0.51,0.45,0.51
TRAIN_1123,0.88,0.52,0.54,0.55
TRAIN_1124,0.38,0.38,0.48,0.38
TRAIN_1125,0.68,0.47,0.41,0.38
TRAIN_1126,0.0,0.16,0.52,0.2
TRAIN_1127,0.03,0.03,0.38,0.03
TRAIN_1128,0.3,0.49,0.49,0.53
TRAIN_1129,0.68,0.68,0.44,0.45
TRAIN_1130,0.31,0.45,0.44,0.43
TRAIN_1131,0.62,0.51,0.62,0.62
TRAIN_1132,0.65,0.4,0.4,0.41
TRAIN_1133,0.83,0.53,0.56,0.55
TRAIN_1134,0.05,0.43,0.37,0.39
TRAIN_1135,0.83,0.83,0.83,0.56
TRAIN_1136,0.59,0.59,0.59,0.59
TRAIN_1137,0.5,0.42,0.41,0.43
TRAIN_1138,0.42,0.49,0.49,0.51
TRAIN_1139,0.41,0.41,0.41,0.41
TRAIN_1140,0.67,0.44,0.43,0.51
TRAIN_1141,0.71,0.49,0.71,0.71
TRAIN_1142,0.87,0.44,0.87,0.87
TRAIN_1143,0.21,0.21,0.21,0.21
TRAIN_1144,0.19,0.53,0.53,0.52
TRAIN_1145,0.94,0.53,0.51,0.55
TRAIN_1146,0.66,0.47,0.45,0.53
TRAIN_1147,0.72,0.45,0.47,0.49
TRAIN_1148,0.02,0.02,0.02,0.02
TRAIN_1149,0.48,0.48,0.48,0.48
TRAIN_1150,1.0,1.0,0.53,1.0
TRAIN_1151,0.27,0.51,0.53,0.54
TRAIN_1152,0.73,0.73,0.73,0.73
TRAIN_1153,0.91,0.91,0.91,0.91
TRAIN_1154,0.4,0.4,0.4,0.4
TRAIN_1155,0.56,0.5,0.5,0.48
TRAIN_1156,0.32,0.32,0.32,0.32
TRAIN_1157,0.55,0.52,0.48,0.54
TRAIN_1158,0.01,0.01,0.01,0.01
TRAIN_1159,0.71,0.71,0.71,0.71
TRAIN_1160,0.01,0.01,0.45,0.01
TRAIN_1161,0.67,0.67,0.67,0.67
TRAIN_1162,0.84,0.84,0.84,0.84
TRAIN_1163,0.04,0.5,0.04,0.04
TRAIN_1164,0.1,0.62,0.1,0.1
TRAIN_1165,0.11,0.54,0.48,0.48
TRAIN_1166,0.55,0.41,0.4,0.41
TRAIN_1167,0.53,0.49,0.44,0.53
TRAIN_1168,0.22,0.47,0.22,0.22
TRAIN_1169,0.13,0.48,0.53,0.5
TRAIN_1170,0.69,0.47,0.5,0.48
TRAIN_1171,0.88,0.51,0.55,0.51
TRAIN_1172,0.93,0.53,0.49,0.5
TRAIN_1173,0.79,0.51,0.48,0.48
TRAIN_1174,0.4,0.4,0.4,0.4
TRAIN_1175,0.93,0.49,0.45,0.47
TRAIN_1176,0.74,0.74,0.74,0.74
TRAIN_1177,0.07,0.56,0.57,0.56
TRAIN_1178,0.23,0.45,0.45,0.5
TRAIN_1179,0.62,0.62,0.62,0.55
TRAIN_1180,0.91,0.5,0.52,0.48
TRAIN_1181,0.55,0.54,0.55,0.53
TRAIN_1182,0.48,0.57,0.53,0.5
TRAIN_1183,0.86,0.56,0.57,0.53
TRAIN_1184,0.48,0.48,0.48,0.48
TRAIN_1185,0.41,0.56,0.55,0.55
TRAIN_1186,0.14,0.14,0.14,0.14
TRAIN_1187,0.55,0.55,0.55,0.51
TRAIN_1188,0.06,0.06,0.06,0.06
TRAIN_1189,0.0,0.44,0.46,0.48
TRAIN_1190,0.7,0.54,0.47,0.48
TRAIN_1191,0.29,0.52,0.56,0.54
TRAIN_1192,0.87,0.87,0.4,0.87
TRAIN_1193,0.75,0.75,0.75,0.55
TRAIN_1194,0.12,0.12,0.12,0.63
TRAIN_1195,0.53,0.53,0.53,0.53
TRAIN_1196,0.69,0.48,0.47,0.49
TRAIN_1197,0.01,0.47,0.46,0.5
TRAIN_1198,0.6,0.54,0.51,0.52
TRAIN_1199,0.4,0.51,0.51,0.52
TRAIN_1200,0.59,0.44,0.41,0.48
TRAIN_1201,0.16,0.4,0.42,0.4
TRAIN_1202,0.73,0.73,0.46,0.73
TRAIN_1203,0.97,0.97,0.97,0.97
TRAIN_1204,0.01,0.01,0.01,0.01
TRAIN_1205,0.88,0.88,0.88,0.88
TRAIN_1206,0.72,0.72,0.72,0.72
TRAIN_1207,0.5,0.5,0.5,0.5
TRAIN_1208,0.11,0.59,0.6,0.58
TRAIN_1209,0.07,0.46,0.48,0.47
TRAIN_1210,0.08,0.19,0.12,0.14
TRAIN_1211,0.31,0.52,0.52,0.52
TRAIN_1212,0.33,0.33,0.33,0.33
TRAIN_1213,0.67,0.67,0.67,0.67
TRAIN_1214,0.06,0.54,0.5,0.52
TRAIN_1215,0.65,0.65,0.65,0.65
TRAIN_1216,0.39,0.39,0.39,0.39
TRAIN_1217,0.81,0.55,0.54,0.56
TRAIN_1218,0.4,0.45,0.4,0.48
TRAIN_1219,0.55,0.47,0.46,0.51
TRAIN_1220,0.59,0.5,0.59,0.59
TRAIN_1221,0.17,0.38,0.17,0.17
TRAIN_1222,0.68,0.61,0.54,0.57
TRAIN_1223,0.29,0.29,0.51,0.49
TRAIN_1224,0.48,0.46,0.5,0.42
TRAIN_1225,0.55,0.44,0.43,0.46
TRAIN_1226,0.47,0.48,0.48,0.5
TRAIN_1227,0.44,0.5,0.48,0.48
TRAIN_1228,0.95,0.49,0.6,0.59
TRAIN_1229,0.32,0.6,0.58,0.59
TRAIN_1230,0.9,0.52,0.55,0.52
TRAIN_1231,0.68,0.4,0.41,0.41
TRAIN_1232,0.47,0.51,0.47,0.47
TRAIN_1233,0.68,0.68,0.43,0.46
TRAIN_1234,0.75,0.56,0.55,0.53
TRAIN_1235,0.23,0.5,0.55,0.48
TRAIN_1236,0.33,0.33,0.33,0.33
TRAIN_1237,0.75,0.49,0.5,0.5
TRAIN_1238,0.18,0.46,0.44,0.43
TRAIN_1239,0.18,0.18,0.18,0.18
TRAIN_1240,0.05,0.46,0.5,0.46
TRAIN_1241,0.41,0.41,0.41,0.41
TRAIN_1242,0.04,0.43,0.41,0.41
TRAIN_1243,0.86,0.86,0.86,0.86
TRAIN_1244,0.76,0.53,0.49,0.5
TRAIN_1245,0.21,0.21,0.21,0.21
TRAIN_1246,0.19,0.54,0.19,0.19
TRAIN_1247,0.49,0.49,0.49,0.49
TRAIN_1248,0.52,0.47,0.51,0.45
TRAIN_1249,0.94,0.32,0.94,0.45
TRAIN_1250,0.09,0.47,0.47,0.45
TRAIN_1251,0.03,0.51,0.51,0.51
TRAIN_1252,0.74,0.74,0.74,0.74
TRAIN_1253,0.79,0.79,0.79,0.79
TRAIN_1254,0.77,0.77,0.77,0.77
TRAIN_1255,0.81,0.46,0.48,0.5
TRAIN_1256,0.04,0.04,0.63,0.04
TRAIN_1257,0.3,0.3,0.3,0.43
TRAIN_1258,0.5,0.5,0.5,0.5
TRAIN_1259,0.72,0.5,0.51,0.52
TRAIN_1260,0.79,0.55,0.57,0.54
TRAIN_1261,0.48,0.48,0.49,0.47
TRAIN_1262,0.39,0.45,0.39,0.39
TRAIN_1263,0.73,0.73,0.73,0.73
TRAIN_1264,0.81,0.49,0.46,0.49
TRAIN_1265,0.15,0.58,0.59,0.56
TRAIN_1266,0.1,0.1,0.1,0.1
TRAIN_1267,0.29,0.43,0.46,0.51
TRAIN_1268,0.16,0.45,0.45,0.41
TRAIN_1269,0.47,0.47,0.47,0.47
TRAIN_1270,0.69,0.53,0.69,0.69
TRAIN_1271,0.38,0.45,0.38,0.38
TRAIN_1272,0.98,0.49,0.49,0.43
TRAIN_1273,0.72,0.72,0.72,0.72
TRAIN_1274,0.96,0.47,0.55,0.47
TRAIN_1275,0.72,0.52,0.52,0.52
TRAIN_1276,0.65,0.47,0.53,0.51
TRAIN_1277,0.87,0.32,0.41,0.31
TRAIN_1278,0.09,0.09,0.59,0.09
TRAIN_1279,0.77,0.77,0.77,0.77
TRAIN_1280,0.08,0.5,0.5,0.49
TRAIN_1281,0.36,0.46,0.48,0.47
TRAIN_1282,0.01,0.01,0.49,0.01
TRAIN_1283,0.4,0.54,0.48,0.51
TRAIN_1284,0.45,0.51,0.45,0.45
TRAIN_1285,0.7,0.44,0.46,0.4
TRAIN_1286,0.37,0.52,0.52,0.47
TRAIN_1287,0.93,0.48,0.48,0.47
TRAIN_1288,0.08,0.08,0.08,0.08
TRAIN_1289,0.1,0.56,0.55,0.55
TRAIN_1290,0.49,0.49,0.49,0.49
TRAIN_1291,0.82,0.82,0.82,0.44
TRAIN_1292,0.75,0.53,0.52,0.58
TRAIN_1293,0.05,0.5,0.48,0.48
TRAIN_1294,0.43,0.43,0.43,0.43
TRAIN_1295,0.86,0.41,0.46,0.45
TRAIN_1296,0.12,0.41,0.44,0.51
TRAIN_1297,0.27,0.27,0.27,0.62
TRAIN_1298,0.64,0.5,0.51,0.51
TRAIN_1299,0.06,0.06,0.06,0.06
TRAIN_1300,0.28,0.28,0.28,0.28
TRAIN_1301,0.01,0.01,0.41,0.01
TRAIN_1302,0.51,0.48,0.46,0.48
TRAIN_1303,0.13,0.13,0.13,0.13
TRAIN_1304,0.37,0.5,0.5,0.5
TRAIN_1305,0.14,0.14,0.14,0.14
TRAIN_1306,0.01,0.01,0.01,0.01
TRAIN_1307,0.69,0.69,0.69,0.69
TRAIN_1308,0.17,0.39,0.42,0.46
TRAIN_1309,0.16,0.38,0.39,0.39
TRAIN_1310,0.26,0.26,0.26,0.26
TRAIN_1311,0.21,0.47,0.47,0.48
TRAIN_1312,0.35,0.35,0.61,0.35
TRAIN_1313,0.83,0.83,0.83,0.83
TRAIN_1314,0.9,0.55,0.59,0.52
TRAIN_1315,0.4,0.4,0.4,0.4
TRAIN_1316,0.04,0.5,0.04,0.04
TRAIN_1317,0.99,0.99,0.51,0.52
TRAIN_1318,0.03,0.48,0.4,0.42
TRAIN_1319,0.92,0.53,0.48,0.5
TRAIN_1320,0.6,0.62,0.61,0.66
TRAIN_1321,0.0,0.0,0.0,0.0
TRAIN_1322,0.54,0.54,0.54,0.54
TRAIN_1323,0.31,0.57,0.62,0.57
TRAIN_1324,0.09,0.49,0.47,0.55
TRAIN_1325,0.76,0.5,0.52,0.5
TRAIN_1326,0.71,0.5,0.51,0.5
TRAIN_1327,0.52,0.5,0.52,0.52
TRAIN_1328,0.92,0.51,0.51,0.52
TRAIN_1329,0.95,0.95,0.52,0.95
TRAIN_1330,0.38,0.5,0.5,0.53
TRAIN_1331,0.02,0.47,0.02,0.02
TRAIN_1332,0.03,0.52,0.52,0.46
TRAIN_1333,0.99,0.57,0.46,0.53
TRAIN_1334,0.42,0.42,0.42,0.42
TRAIN_1335,0.24,0.5,0.51,0.45
TRAIN_1336,0.55,0.55,0.43,0.55
TRAIN_1337,0.64,0.64,0.64,0.64
TRAIN_1338,0.99,0.5,0.5,0.51
TRAIN_1339,0.48,0.41,0.48,0.48
TRAIN_1340,0.53,0.53,0.53,0.53
TRAIN_1341,0.88,0.53,0.52,0.53
TRAIN_1342,0.82,0.46,0.44,0.51
TRAIN_1343,0.0,0.51,0.69,0.69
TRAIN_1344,0.47,0.44,0.45,0.45
TRAIN_1345,0.53,0.49,0.53,0.5
TRAIN_1346,0.95,0.59,0.54,0.54
TRAIN_1347,0.88,0.88,0.88,0.88
TRAIN_1348,0.9,0.9,0.9,0.9
TRAIN_1349,0.36,0.55,0.48,0.53
TRAIN_1350,0.4,0.4,0.4,0.4
TRAIN_1351,0.55,0.55,0.5,0.51
TRAIN_1352,0.68,0.68,0.68,0.52
TRAIN_1353,0.45,0.53,0.55,0.55
TRAIN_1354,0.69,0.49,0.69,0.52
TRAIN_1355,0.41,0.51,0.41,0.41
TRAIN_1356,0.0,0.02,0.52,0.13
TRAIN_1357,0.05,0.53,0.53,0.58
TRAIN_1358,0.07,0.07,0.53,0.07
TRAIN_1359,0.91,0.57,0.58,0.57
TRAIN_1360,0.62,0.46,0.47,0.45
TRAIN_1361,0.08,0.49,0.44,0.47
TRAIN_1362,0.56,0.61,0.53,0.54
TRAIN_1363,0.59,0.59,0.59,0.54
TRAIN_1364,0.76,0.42,0.48,0.53
TRAIN_1365,0.18,0.44,0.5,0.47
TRAIN_1366,0.17,0.54,0.53,0.56
TRAIN_1367,0.02,0.02,0.02,0.49
TRAIN_1368,0.49,0.5,0.49,0.49
TRAIN_1369,0.47,0.42,0.45,0.45
TRAIN_1370,0.88,0.56,0.59,0.56
TRAIN_1371,0.23,0.56,0.56,0.55
TRAIN_1372,0.8,0.8,0.8,0.8
TRAIN_1373,0.56,0.49,0.48,0.48
TRAIN_1374,0.17,0.49,0.48,0.5
TRAIN_1375,0.49,0.49,0.49,0.49
TRAIN_1376,0.71,0.48,0.47,0.43
TRAIN_1377,0.24,0.41,0.42,0.4
TRAIN_1378,0.47,0.56,0.55,0.55
TRAIN_1379,0.06,0.06,0.06,0.58
TRAIN_1380,0.59,0.59,0.59,0.59
TRAIN_1381,0.18,0.18,0.18,0.18
TRAIN_1382,0.72,0.46,0.48,0.48
TRAIN_1383,0.96,0.51,0.6,0.55
TRAIN_1384,0.28,0.28,0.46,0.28
TRAIN_1385,0.95,0.46,0.43,0.44
TRAIN_1386,0.13,0.13,0.13,0.13
TRAIN_1387,0.49,0.49,0.45,0.49
TRAIN_1388,0.21,0.21,0.21,0.21
TRAIN_1389,0.21,0.21,0.21,0.21
TRAIN_1390,0.44,0.44,0.44,0.44
TRAIN_1391,0.14,0.55,0.55,0.55
TRAIN_1392,0.44,0.45,0.48,0.42
TRAIN_1393,0.65,0.65,0.65,0.65
TRAIN_1394,0.58,0.58,0.58,0.58
TRAIN_1395,0.67,0.67,0.67,0.67
TRAIN_1396,0.64,0.64,0.64,0.64
TRAIN_1397,0.18,0.18,0.18,0.57
TRAIN_1398,0.92,0.57,0.53,0.58
TRAIN_1399,0.78,0.47,0.52,0.55
TRAIN_1400,0.77,0.77,0.77,0.77
TRAIN_1401,0.42,0.61,0.62,0.58
TRAIN_1402,0.21,0.48,0.5,0.48
TRAIN_1403,0.0,0.51,0.0,0.0
TRAIN_1404,0.89,0.44,0.44,0.45
TRAIN_1405,0.56,0.44,0.42,0.49
TRAIN_1406,0.92,0.44,0.92,0.92
TRAIN_1407,0.96,0.96,0.54,0.96
TRAIN_1408,0.07,0.58,0.58,0.58
TRAIN_1409,0.6,0.6,0.6,0.6
TRAIN_1410,0.79,0.6,0.52,0.57
TRAIN_1411,0.15,0.15,0.15,0.15
TRAIN_1412,0.4,0.5,0.54,0.47
TRAIN_1413,0.9,0.9,0.9,0.9
TRAIN_1414,0.22,0.62,0.22,0.55
TRAIN_1415,0.36,0.36,0.36,0.36
TRAIN_1416,0.22,0.47,0.55,0.45
TRAIN_1417,0.01,0.52,0.47,0.47
TRAIN_1418,0.22,0.56,0.55,0.54
TRAIN_1419,0.78,0.46,0.47,0.46
TRAIN_1420,0.81,0.81,0.81,0.81
TRAIN_1421,0.17,0.42,0.41,0.42
TRAIN_1422,0.82,0.49,0.55,0.53
TRAIN_1423,0.5,0.56,0.53,0.56
TRAIN_1424,0.31,0.53,0.54,0.56
TRAIN_1425,0.53,0.53,0.53,0.53
TRAIN_1426,0.83,0.83,0.83,0.55
TRAIN_1427,0.66,0.54,0.53,0.53
TRAIN_1428,0.15,0.15,0.15,0.15
TRAIN_1429,0.82,0.55,0.55,0.54
TRAIN_1430,0.15,0.49,0.57,0.49
TRAIN_1431,0.38,0.49,0.51,0.49
TRAIN_1432,0.21,0.21,0.21,0.21
TRAIN_1433,0.74,0.74,0.74,0.74
TRAIN_1434,0.32,0.56,0.57,0.54
TRAIN_1435,0.01,0.59,0.57,0.62
TRAIN_1436,0.53,0.55,0.53,0.48
TRAIN_1437,0.92,0.57,0.55,0.53
TRAIN_1438,0.45,0.45,0.45,0.45
TRAIN_1439,0.27,0.27,0.27,0.27
TRAIN_1440,0.88,0.5,0.49,0.47
TRAIN_1441,0.02,0.52,0.02,0.02
TRAIN_1442,0.24,0.24,0.24,0.24
TRAIN_1443,0.37,0.54,0.5,0.52
TRAIN_1444,0.18,0.48,0.53,0.5
TRAIN_1445,0.78,0.78,0.78,0.78
TRAIN_1446,0.07,0.07,0.07,0.07
TRAIN_1447,0.92,0.54,0.55,0.54
TRAIN_1448,0.15,0.15,0.15,0.44
TRAIN_1449,0.42,0.42,0.42,0.42
TRAIN_1450,0.68,0.68,0.68,0.68
TRAIN_1451,0.3,0.3,0.3,0.3
TRAIN_1452,0.04,0.55,0.55,0.56
TRAIN_1453,0.37,0.37,0.37,0.37
TRAIN_1454,0.02,0.52,0.56,0.55
TRAIN_1455,0.31,0.46,0.49,0.46
TRAIN_1456,0.32,0.55,0.53,0.5
TRAIN_1457,0.85,0.85,0.85,0.85
TRAIN_1458,0.49,0.49,0.49,0.49
TRAIN_1459,0.21,0.21,0.21,0.21
TRAIN_1460,0.88,0.52,0.88,0.52
TRAIN_1461,0.07,0.07,0.07,0.07
TRAIN_1462,0.42,0.5,0.49,0.53
TRAIN_1463,0.23,0.35,0.37,0.44
TRAIN_1464,0.33,0.5,0.51,0.51
TRAIN_1465,0.31,0.51,0.48,0.54
TRAIN_1466,0.46,0.46,0.46,0.55
TRAIN_1467,0.29,0.45,0.45,0.49
TRAIN_1468,0.99,0.47,0.46,0.46
TRAIN_1469,0.68,0.68,0.68,0.5
TRAIN_1470,0.46,0.58,0.53,0.57
TRAIN_1471,0.42,0.44,0.42,0.42
TRAIN_1472,0.08,0.08,0.08,0.08
TRAIN_1473,0.25,0.53,0.54,0.51
TRAIN_1474,0.28,0.55,0.55,0.55
TRAIN_1475,0.74,0.74,0.74,0.74
TRAIN_1476,0.02,0.54,0.02,0.02
TRAIN_1477,0.55,0.55,0.55,0.51
TRAIN_1478,0.43,0.43,0.59,0.43
TRAIN_1479,0.64,0.47,0.48,0.48
TRAIN_1480,0.13,0.57,0.57,0.56
TRAIN_1481,0.58,0.52,0.53,0.54
TRAIN_1482,0.15,0.55,0.15,0.15
TRAIN_1483,0.39,0.39,0.39,0.39
TRAIN_1484,0.01,0.48,0.49,0.48
TRAIN_1485,0.94,0.45,0.45,0.45
TRAIN_1486,0.58,0.49,0.52,0.49
TRAIN_1487,0.34,0.34,0.34,0.34
TRAIN_1488,0.96,0.96,0.96,0.96
TRAIN_1489,0.48,0.48,0.48,0.48
TRAIN_1490,0.38,0.38,0.38,0.56
TRAIN_1491,0.62,0.62,0.62,0.62
TRAIN_1492,0.53,0.53,0.53,0.48
TRAIN_1493,0.06,0.06,0.57,0.06
TRAIN_1494,0.57,0.51,0.47,0.48
TRAIN_1495,0.29,0.29,0.29,0.29
TRAIN_1496,0.53,0.5,0.49,0.49
TRAIN_1497,0.64,0.64,0.64,0.64
TRAIN_1498,0.42,0.53,0.48,0.47
TRAIN_1499,0.67,0.41,0.37,0.39
TRAIN_1500,0.66,0.44,0.44,0.39
TRAIN_1501,0.99,0.99,0.52,0.54
TRAIN_1502,0.83,0.59,0.58,0.6
TRAIN_1503,0.4,0.4,0.4,0.4
TRAIN_1504,0.27,0.45,0.44,0.48
TRAIN_1505,0.96,0.96,0.96,0.96
TRAIN_1506,0.09,0.09,0.34,0.09
TRAIN_1507,0.2,0.2,0.2,0.58
TRAIN_1508,0.47,0.47,0.47,0.58
TRAIN_1509,0.33,0.46,0.52,0.47
TRAIN_1510,0.38,0.54,0.38,0.52
TRAIN_1511,0.4,0.4,0.4,0.49
TRAIN_1512,0.8,0.51,0.48,0.55
TRAIN_1513,0.94,0.94,0.94,0.94
TRAIN_1514,0.49,0.49,0.49,0.49
TRAIN_1515,0.39,0.39,0.39,0.39
TRAIN_1516,0.75,0.47,0.45,0.49
TRAIN_1517,0.34,0.34,0.34,0.34
TRAIN_1518,0.39,0.47,0.49,0.53
TRAIN_1519,0.42,0.5,0.48,0.53
TRAIN_1520,0.66,0.66,0.38,0.66
TRAIN_1521,0.27,0.27,0.27,0.27
TRAIN_1522,0.38,0.54,0.45,0.46
TRAIN_1523,0.25,0.54,0.52,0.55
TRAIN_1524,0.0,0.48,0.0,0.0
TRAIN_1525,0.31,0.45,0.45,0.45
TRAIN_1526,0.55,0.55,0.55,0.55
TRAIN_1527,0.28,0.53,0.57,0.62
TRAIN_1528,0.17,0.17,0.17,0.17
TRAIN_1529,0.2,0.2,0.2,0.2
TRAIN_1530,0.85,0.53,0.47,0.54
TRAIN_1531,0.28,0.28,0.28,0.28
TRAIN_1532,0.14,0.41,0.49,0.47
TRAIN_1533,0.36,0.58,0.58,0.51
TRAIN_1534,0.33,0.33,0.33,0.33
TRAIN_1535,0.18,0.47,0.47,0.49
TRAIN_1536,0.77,0.77,0.77,0.77
TRAIN_1537,0.72,0.49,0.53,0.5
TRAIN_1538,0.71,0.71,0.71,0.5
TRAIN_1539,0.67,0.55,0.64,0.56
TRAIN_1540,0.48,0.57,0.62,0.62
TRAIN_1541,0.4,0.5,0.53,0.51
TRAIN_1542,0.8,0.53,0.52,0.5
TRAIN_1543,0.37,0.37,0.37,0.37
TRAIN_1544,0.13,0.5,0.48,0.48
TRAIN_1545,0.14,0.45,0.53,0.53
TRAIN_1546,0.65,0.65,0.65,0.65
TRAIN_1547,0.16,0.16,0.16,0.5
TRAIN_1548,0.8,0.49,0.49,0.53
TRAIN_1549,0.01,0.01,0.53,0.01
TRAIN_1550,0.41,0.5,0.52,0.5
TRAIN_1551,1.0,1.0,1.0,1.0
TRAIN_1552,0.01,0.45,0.44,0.44
TRAIN_1553,0.92,0.44,0.5,0.56
TRAIN_1554,0.09,0.09,0.09,0.54
TRAIN_1555,0.16,0.16,0.16,0.44
TRAIN_1556,0.04,0.52,0.55,0.44
TRAIN_1557,0.08,0.08,0.08,0.08
TRAIN_1558,0.98,0.46,0.5,0.98
TRAIN_1559,0.17,0.17,0.17,0.17
TRAIN_1560,0.99,0.99,0.99,0.99
TRAIN_1561,0.37,0.48,0.48,0.51
TRAIN_1562,0.37,0.46,0.45,0.43
TRAIN_1563,0.36,0.59,0.53,0.57
TRAIN_1564,0.85,0.85,0.85,0.85
TRAIN_1565,0.52,0.52,0.52,0.47
TRAIN_1566,0.65,0.65,0.65,0.65
TRAIN_1567,0.33,0.33,0.33,0.33
TRAIN_1568,0.58,0.52,0.48,0.51
TRAIN_1569,0.26,0.26,0.52,0.26
TRAIN_1570,0.91,0.91,0.91,0.91
TRAIN_1571,0.4,0.42,0.39,0.42
TRAIN_1572,0.78,0.55,0.54,0.59
TRAIN_1573,0.4,0.4,0.4,0.4
TRAIN_1574,0.13,0.13,0.13,0.13
TRAIN_1575,0.78,0.78,0.78,0.78
TRAIN_1576,0.46,0.46,0.47,0.46
TRAIN_1577,0.5,0.5,0.5,0.5
TRAIN_1578,0.36,0.5,0.57,0.54
TRAIN_1579,0.33,0.51,0.33,0.33
TRAIN_1580,0.19,0.19,0.19,0.19
TRAIN_1581,0.64,0.64,0.64,0.44
TRAIN_1582,0.57,0.57,0.57,0.57
TRAIN_1583,0.7,0.46,0.48,0.5
TRAIN_1584,0.03,0.47,0.5,0.48
TRAIN_1585,0.59,0.59,0.49,0.59
TRAIN_1586,0.21,0.21,0.21,0.21
TRAIN_1587,0.19,0.52,0.19,0.19
TRAIN_1588,0.08,0.52,0.53,0.08
TRAIN_1589,0.45,0.52,0.54,0.54
TRAIN_1590,0.07,0.52,0.51,0.54
TRAIN_1591,0.22,0.22,0.22,0.22
TRAIN_1592,0.26,0.26,0.26,0.26
TRAIN_1593,0.79,0.52,0.47,0.49
TRAIN_1594,0.01,0.51,0.51,0.51
TRAIN_1595,0.43,0.58,0.38,0.45
TRAIN_1596,0.01,0.01,0.53,0.01
TRAIN_1597,0.25,0.25,0.25,0.25
TRAIN_1598,0.54,0.54,0.54,0.54
TRAIN_1599,0.15,0.49,0.47,0.51
TRAIN_1600,0.63,0.49,0.51,0.49
TRAIN_1601,0.29,0.48,0.52,0.49
TRAIN_1602,0.99,0.45,0.48,0.5
TRAIN_1603,0.25,0.49,0.47,0.25
TRAIN_1604,0.58,0.58,0.58,0.58
TRAIN_1605,0.71,0.38,0.43,0.43
TRAIN_1606,0.56,0.56,0.44,0.56
TRAIN_1607,0.71,0.71,0.71,0.71
TRAIN_1608,0.3,0.3,0.3,0.3
TRAIN_1609,0.18,0.4,0.5,0.52
TRAIN_1610,0.11,0.54,0.44,0.5
TRAIN_1611,0.46,0.55,0.57,0.53
TRAIN_1612,0.72,0.63,0.64,0.66
TRAIN_1613,0.76,0.76,0.76,0.76
TRAIN_1614,0.21,0.21,0.21,0.21
TRAIN_1615,0.75,0.5,0.49,0.49
TRAIN_1616,0.64,0.64,0.64,0.64
TRAIN_1617,0.76,0.56,0.57,0.57
TRAIN_1618,0.12,0.42,0.37,0.42
TRAIN_1619,0.15,0.15,0.15,0.44
TRAIN_1620,0.81,0.81,0.54,0.81
TRAIN_1621,0.0,0.59,0.56,0.52
TRAIN_1622,0.55,0.53,0.51,0.52
TRAIN_1623,0.08,0.08,0.08,0.08
TRAIN_1624,0.99,0.51,0.52,0.51
TRAIN_1625,0.51,0.49,0.51,0.51
TRAIN_1626,0.72,0.72,0.72,0.52
TRAIN_1627,0.72,0.49,0.45,0.47
TRAIN_1628,0.43,0.5,0.48,0.49
TRAIN_1629,0.74,0.43,0.38,0.42
TRAIN_1630,0.74,0.44,0.48,0.44
TRAIN_1631,0.53,0.61,0.57,0.5
TRAIN_1632,0.27,0.6,0.62,0.55
TRAIN_1633,1.0,1.0,1.0,1.0
TRAIN_1634,0.23,0.23,0.23,0.23
TRAIN_1635,0.86,0.53,0.86,0.86
TRAIN_1636,0.53,0.48,0.46,0.53
TRAIN_1637,0.36,0.56,0.36,0.6
TRAIN_1638,0.52,0.5,0.49,0.51
TRAIN_1639,0.19,0.55,0.19,0.19
TRAIN_1640,0.8,0.53,0.57,0.53
TRAIN_1641,0.68,0.68,0.68,0.68
TRAIN_1642,0.93,0.52,0.51,0.52
TRAIN_1643,0.5,0.5,0.5,0.5
TRAIN_1644,0.04,0.04,0.04,0.04
TRAIN_1645,0.73,0.73,0.47,0.43
TRAIN_1646,0.94,0.94,0.94,0.94
TRAIN_1647,0.11,0.11,0.11,0.49
TRAIN_1648,0.94,0.44,0.46,0.44
TRAIN_1649,0.24,0.45,0.45,0.45
TRAIN_1650,0.59,0.47,0.59,0.59
TRAIN_1651,0.14,0.42,0.43,0.49
TRAIN_1652,0.27,0.27,0.27,0.59
TRAIN_1653,0.58,0.44,0.47,0.4
TRAIN_1654,0.35,0.44,0.5,0.44
TRAIN_1655,0.77,0.77,0.77,0.56
TRAIN_1656,0.04,0.38,0.48,0.36
TRAIN_1657,0.76,0.76,0.76,0.76
TRAIN_1658,0.89,0.56,0.51,0.53
TRAIN_1659,0.71,0.46,0.42,0.47
TRAIN_1660,0.11,0.45,0.45,0.51
TRAIN_1661,0.31,0.52,0.51,0.31
TRAIN_1662,0.45,0.51,0.45,0.45
TRAIN_1663,0.47,0.52,0.47,0.55
TRAIN_1664,0.11,0.11,0.11,0.11
TRAIN_1665,0.98,0.46,0.45,0.46
TRAIN_1666,0.95,0.53,0.49,0.52
TRAIN_1667,0.14,0.14,0.14,0.14
TRAIN_1668,0.93,0.57,0.58,0.6
TRAIN_1669,0.46,0.5,0.51,0.53
TRAIN_1670,0.14,0.51,0.5,0.49
TRAIN_1671,0.86,0.53,0.56,0.54
TRAIN_1672,0.3,0.49,0.46,0.3
TRAIN_1673,0.68,0.68,0.68,0.68
TRAIN_1674,0.42,0.42,0.42,0.42
TRAIN_1675,1.0,1.0,1.0,1.0
TRAIN_1676,0.98,0.98,0.98,0.98
TRAIN_1677,0.31,0.47,0.31,0.48
TRAIN_1678,0.65,0.61,0.61,0.59
TRAIN_1679,0.8,0.56,0.55,0.56
TRAIN_1680,0.39,0.46,0.48,0.43
TRAIN_1681,0.54,0.54,0.54,0.5
TRAIN_1682,0.85,0.58,0.85,0.85
TRAIN_1683,0.33,0.51,0.49,0.53
TRAIN_1684,0.36,0.36,0.36,0.36
TRAIN_1685,0.88,0.5,0.51,0.5
TRAIN_1686,0.35,0.35,0.35,0.35
TRAIN_1687,0.42,0.42,0.42,0.42
TRAIN_1688,0.87,0.44,0.46,0.47
TRAIN_1689,0.79,0.79,0.49,0.79
TRAIN_1690,0.35,0.35,0.35,0.45
TRAIN_1691,0.15,0.15,0.15,0.15
TRAIN_1692,0.98,0.55,0.57,0.53
TRAIN_1693,0.39,0.39,0.39,0.39
TRAIN_1694,0.63,0.63,0.63,0.63
TRAIN_1695,0.63,0.63,0.63,0.48
TRAIN_1696,0.29,0.56,0.58,0.56
TRAIN_1697,0.76,0.6,0.52,0.6
TRAIN_1698,0.39,0.43,0.53,0.49
TRAIN_1699,0.21,0.5,0.52,0.46
TRAIN_1700,0.26,0.62,0.62,0.62
TRAIN_1701,0.47,0.47,0.47,0.48
TRAIN_1702,0.49,0.49,0.49,0.49
TRAIN_1703,0.83,0.83,0.83,0.83
TRAIN_1704,0.71,0.51,0.56,0.55
TRAIN_1705,0.48,0.48,0.51,0.52
TRAIN_1706,0.26,0.52,0.26,0.26
TRAIN_1707,0.08,0.55,0.08,0.08
TRAIN_1708,0.91,0.56,0.51,0.51
TRAIN_1709,0.11,0.11,0.11,0.11
TRAIN_1710,0.81,0.81,0.81,0.58
TRAIN_1711,0.25,0.53,0.51,0.52
TRAIN_1712,0.78,0.78,0.78,0.78
TRAIN_1713,0.03,0.48,0.47,0.37
TRAIN_1714,0.46,0.46,0.46,0.46
TRAIN_1715,0.25,0.47,0.44,0.41
TRAIN_1716,0.79,0.55,0.43,0.47
TRAIN_1717,1.0,1.0,1.0,1.0
TRAIN_1718,0.41,0.54,0.55,0.49
TRAIN_1719,0.91,0.91,0.91,0.91
TRAIN_1720,0.63,0.63,0.63,0.63
TRAIN_1721,0.37,0.47,0.37,0.37
TRAIN_1722,0.71,0.43,0.46,0.41
TRAIN_1723,0.33,0.33,0.33,0.47
TRAIN_1724,0.78,0.78,0.78,0.78
TRAIN_1725,0.41,0.61,0.61,0.67
TRAIN_1726,0.14,0.14,0.14,0.14
TRAIN_1727,0.48,0.48,0.48,0.48
TRAIN_1728,0.81,0.81,0.81,0.81
TRAIN_1729,0.2,0.53,0.58,0.5
TRAIN_1730,0.6,0.6,0.6,0.6
TRAIN_1731,0.76,0.46,0.47,0.5
TRAIN_1732,0.19,0.39,0.19,0.19
TRAIN_1733,0.75,0.52,0.51,0.52
TRAIN_1734,0.61,0.61,0.61,0.61
TRAIN_1735,0.45,0.53,0.52,0.54
TRAIN_1736,0.55,0.65,0.55,0.55
TRAIN_1737,0.19,0.19,0.19,0.19
TRAIN_1738,0.08,0.52,0.08,0.08
TRAIN_1739,0.12,0.5,0.48,0.44
TRAIN_1740,0.55,0.55,0.55,0.55
TRAIN_1741,0.34,0.34,0.53,0.34
TRAIN_1742,0.37,0.37,0.37,0.37
TRAIN_1743,0.74,0.74,0.74,0.74
TRAIN_1744,0.58,0.4,0.36,0.36
TRAIN_1745,0.03,0.43,0.44,0.53
TRAIN_1746,0.69,0.45,0.69,0.69
TRAIN_1747,0.91,0.56,0.54,0.47
TRAIN_1748,0.5,0.41,0.55,0.45
TRAIN_1749,0.54,0.47,0.57,0.48
TRAIN_1750,0.83,0.41,0.44,0.41
TRAIN_1751,0.93,0.49,0.5,0.51
TRAIN_1752,0.25,0.46,0.48,0.48
TRAIN_1753,0.97,0.53,0.97,0.97
TRAIN_1754,0.11,0.11,0.11,0.11
TRAIN_1755,0.45,0.45,0.45,0.45
TRAIN_1756,0.8,0.8,0.51,0.8
TRAIN_1757,0.52,0.52,0.52,0.41
TRAIN_1758,0.38,0.38,0.38,0.56
TRAIN_1759,0.33,0.33,0.33,0.33
TRAIN_1760,0.7,0.5,0.54,0.53
TRAIN_1761,0.8,0.8,0.8,0.8
TRAIN_1762,0.71,0.48,0.71,0.71
TRAIN_1763,0.39,0.46,0.47,0.56
TRAIN_1764,0.86,0.49,0.53,0.53
TRAIN_1765,0.28,0.48,0.28,0.47
TRAIN_1766,0.39,0.46,0.46,0.45
TRAIN_1767,0.73,0.49,0.48,0.5
TRAIN_1768,1.0,1.0,1.0,1.0
TRAIN_1769,0.57,0.57,0.57,0.57
TRAIN_1770,0.02,0.48,0.54,0.57
TRAIN_1771,0.93,0.46,0.46,0.47
TRAIN_1772,0.7,0.51,0.52,0.52
TRAIN_1773,0.05,0.05,0.05,0.05
TRAIN_1774,0.02,0.54,0.02,0.02
TRAIN_1775,0.97,0.55,0.56,0.55
TRAIN_1776,0.46,0.52,0.48,0.52
TRAIN_1777,0.82,0.58,0.56,0.6
TRAIN_1778,0.63,0.63,0.63,0.63
TRAIN_1779,0.54,0.5,0.52,0.52
TRAIN_1780,0.22,0.22,0.22,0.22
TRAIN_1781,0.62,0.62,0.62,0.53
TRAIN_1782,0.18,0.53,0.54,0.56
TRAIN_1783,0.64,0.55,0.55,0.55
TRAIN_1784,0.23,0.53,0.23,0.23
TRAIN_1785,0.15,0.15,0.15,0.46
TRAIN_1786,0.53,0.53,0.53,0.53
TRAIN_1787,0.24,0.24,0.5,0.47
TRAIN_1788,0.26,0.63,0.55,0.59
TRAIN_1789,0.54,0.58,0.54,0.53
TRAIN_1790,0.38,0.53,0.53,0.51
TRAIN_1791,0.65,0.47,0.47,0.65
TRAIN_1792,0.89,0.51,0.54,0.54
TRAIN_1793,0.51,0.48,0.51,0.51
TRAIN_1794,0.58,0.63,0.6,0.55
TRAIN_1795,0.96,0.52,0.6,0.6
TRAIN_1796,0.61,0.64,0.66,0.61
TRAIN_1797,0.58,0.35,0.52,0.38
TRAIN_1798,0.25,0.59,0.58,0.51
TRAIN_1799,0.97,0.61,0.57,0.58
TRAIN_1800,0.27,0.45,0.51,0.47
TRAIN_1801,0.38,0.46,0.48,0.51
TRAIN_1802,0.76,0.56,0.57,0.52
TRAIN_1803,0.31,0.47,0.31,0.47
TRAIN_1804,0.58,0.58,0.58,0.58
TRAIN_1805,0.59,0.59,0.59,0.45
TRAIN_1806,0.69,0.46,0.69,0.43
TRAIN_1807,0.34,0.56,0.47,0.54
TRAIN_1808,0.86,0.47,0.52,0.48
TRAIN_1809,0.06,0.48,0.45,0.48
TRAIN_1810,0.44,0.44,0.44,0.46
TRAIN_1811,0.15,0.15,0.15,0.15
TRAIN_1812,0.83,0.44,0.44,0.83
TRAIN_1813,0.09,0.6,0.55,0.56
TRAIN_1814,0.98,0.98,0.98,0.6
TRAIN_1815,0.1,0.1,0.1,0.43
TRAIN_1816,0.68,0.48,0.51,0.5
TRAIN_1817,0.56,0.56,0.55,0.56
TRAIN_1818,0.01,0.01,0.01,0.01
TRAIN_1819,0.55,0.59,0.59,0.59
TRAIN_1820,0.97,0.45,0.48,0.5
TRAIN_1821,0.12,0.12,0.12,0.12
TRAIN_1822,0.17,0.17,0.17,0.17
TRAIN_1823,0.19,0.52,0.19,0.19
TRAIN_1824,0.73,0.5,0.46,0.5
TRAIN_1825,0.59,0.59,0.42,0.59
TRAIN_1826,0.78,0.49,0.51,0.49
TRAIN_1827,0.85,0.56,0.64,0.52
TRAIN_1828,0.19,0.19,0.19,0.19
TRAIN_1829,0.47,0.5,0.48,0.51
TRAIN_1830,0.21,0.65,0.66,0.6
TRAIN_1831,0.74,0.74,0.74,0.74
TRAIN_1832,0.24,0.24,0.24,0.55
TRAIN_1833,0.25,0.25,0.25,0.25
TRAIN_1834,0.24,0.5,0.5,0.5
TRAIN_1835,0.12,0.51,0.51,0.53
TRAIN_1836,0.95,0.43,0.44,0.45
TRAIN_1837,0.28,0.28,0.28,0.28
TRAIN_1838,0.89,0.47,0.43,0.46
TRAIN_1839,0.21,0.54,0.53,0.53
TRAIN_1840,0.28,0.28,0.28,0.28
TRAIN_1841,0.29,0.29,0.29,0.29
TRAIN_1842,0.12,0.12,0.12,0.57
TRAIN_1843,0.01,0.01,0.47,0.01
TRAIN_1844,0.54,0.54,0.54,0.54
TRAIN_1845,0.34,0.6,0.61,0.6
TRAIN_1846,0.37,0.37,0.37,0.37
TRAIN_1847,0.52,0.52,0.52,0.52
TRAIN_1848,0.53,0.53,0.53,0.53
TRAIN_1849,0.21,0.46,0.21,0.21
TRAIN_1850,0.54,0.47,0.45,0.45
TRAIN_1851,0.36,0.55,0.54,0.54
TRAIN_1852,0.12,0.56,0.49,0.51
TRAIN_1853,0.4,0.45,0.56,0.55
TRAIN_1854,0.33,0.45,0.48,0.48
TRAIN_1855,0.5,0.5,0.49,0.48
TRAIN_1856,0.44,0.5,0.56,0.53
TRAIN_1857,0.56,0.56,0.57,0.56
TRAIN_1858,0.08,0.51,0.44,0.48
TRAIN_1859,0.42,0.51,0.48,0.52
TRAIN_1860,0.84,0.46,0.52,0.52
TRAIN_1861,0.24,0.48,0.47,0.51
TRAIN_1862,0.24,0.24,0.51,0.24
TRAIN_1863,0.26,0.26,0.26,0.53
TRAIN_1864,0.33,0.33,0.59,0.33
TRAIN_1865,0.25,0.25,0.25,0.25
TRAIN_1866,0.52,0.52,0.52,0.52
TRAIN_1867,0.16,0.57,0.55,0.58
TRAIN_1868,0.54,0.42,0.52,0.48
TRAIN_1869,0.43,0.43,0.46,0.43
TRAIN_1870,0.82,0.48,0.5,0.45
TRAIN_1871,0.5,0.5,0.5,0.5
TRAIN_1872,0.57,0.49,0.5,0.49
TRAIN_1873,0.43,0.43,0.43,0.43
TRAIN_1874,0.67,0.67,0.67,0.67
TRAIN_1875,0.85,0.45,0.85,0.41
TRAIN_1876,0.13,0.5,0.53,0.54
TRAIN_1877,0.37,0.48,0.48,0.56
TRAIN_1878,0.65,0.52,0.52,0.55
TRAIN_1879,0.64,0.64,0.64,0.64
TRAIN_1880,0.66,0.66,0.66,0.66
TRAIN_1881,0.28,0.28,0.28,0.28
TRAIN_1882,0.65,0.4,0.4,0.37
TRAIN_1883,0.33,0.33,0.33,0.33
TRAIN_1884,0.2,0.55,0.54,0.55
TRAIN_1885,0.85,0.54,0.54,0.46
TRAIN_1886,0.21,0.4,0.4,0.39
TRAIN_1887,0.11,0.48,0.48,0.48
TRAIN_1888,0.34,0.34,0.34,0.34
TRAIN_1889,0.79,0.55,0.6,0.58
TRAIN_1890,0.61,0.56,0.59,0.61
TRAIN_1891,0.77,0.55,0.49,0.55
TRAIN_1892,0.12,0.12,0.12,0.12
TRAIN_1893,0.9,0.9,0.9,0.9
TRAIN_1894,0.63,0.63,0.63,0.63
TRAIN_1895,0.46,0.46,0.46,0.46
TRAIN_1896,0.13,0.13,0.13,0.13
TRAIN_1897,0.85,0.85,0.49,0.85
TRAIN_1898,0.39,0.39,0.39,0.39
TRAIN_1899,0.32,0.49,0.5,0.45
TRAIN_1900,0.07,0.54,0.48,0.53
TRAIN_1901,0.66,0.48,0.45,0.42
TRAIN_1902,0.54,0.5,0.54,0.5
TRAIN_1903,0.32,0.57,0.54,0.59
TRAIN_1904,0.43,0.44,0.41,0.43
TRAIN_1905,0.72,0.59,0.58,0.55
TRAIN_1906,0.02,0.41,0.48,0.47
TRAIN_1907,0.42,0.46,0.46,0.49
TRAIN_1908,0.61,0.61,0.61,0.61
TRAIN_1909,0.41,0.41,0.41,0.41
TRAIN_1910,0.91,0.91,0.54,0.91
TRAIN_1911,0.94,0.47,0.46,0.47
TRAIN_1912,0.86,0.5,0.52,0.56
TRAIN_1913,0.41,0.48,0.41,0.41
TRAIN_1914,0.54,0.54,0.54,0.54
TRAIN_1915,0.53,0.58,0.57,0.56
TRAIN_1916,0.63,0.54,0.56,0.54
TRAIN_1917,0.83,0.48,0.47,0.46
TRAIN_1918,0.57,0.45,0.45,0.45
TRAIN_1919,0.03,0.03,0.03,0.42
TRAIN_1920,0.67,0.67,0.57,0.59
TRAIN_1921,0.72,0.48,0.47,0.47
TRAIN_1922,0.34,0.49,0.53,0.54
TRAIN_1923,0.98,0.98,0.46,0.98
TRAIN_1924,0.73,0.73,0.73,0.5
TRAIN_1925,0.71,0.71,0.71,0.45
TRAIN_1926,0.82,0.82,0.82,0.48
TRAIN_1927,0.08,0.5,0.5,0.5
TRAIN_1928,0.17,0.17,0.17,0.17
TRAIN_1929,0.06,0.06,0.06,0.58
TRAIN_1930,0.24,0.51,0.24,0.47
TRAIN_1931,0.4,0.45,0.4,0.48
TRAIN_1932,0.5,0.41,0.42,0.45
TRAIN_1933,0.52,0.52,0.52,0.52
TRAIN_1934,0.76,0.67,0.76,0.76
TRAIN_1935,0.28,0.28,0.28,0.28
TRAIN_1936,0.3,0.3,0.3,0.3
TRAIN_1937,0.06,0.06,0.06,0.06
TRAIN_1938,0.48,0.42,0.44,0.42
TRAIN_1939,0.19,0.52,0.55,0.55
TRAIN_1940,0.38,0.52,0.52,0.5
TRAIN_1941,0.77,0.77,0.77,0.77
TRAIN_1942,0.09,0.09,0.58,0.09
TRAIN_1943,0.67,0.47,0.49,0.43
TRAIN_1944,0.3,0.3,0.3,0.48
TRAIN_1945,0.67,0.39,0.42,0.4
TRAIN_1946,0.15,0.15,0.15,0.15
TRAIN_1947,0.34,0.5,0.5,0.5
TRAIN_1948,0.83,0.46,0.83,0.83
TRAIN_1949,0.5,0.5,0.5,0.5
TRAIN_1950,0.9,0.52,0.48,0.53
TRAIN_1951,0.04,0.48,0.5,0.49
TRAIN_1952,0.0,0.0,0.0,0.0
TRAIN_1953,0.16,0.16,0.16,0.16
TRAIN_1954,0.6,0.59,0.58,0.59
TRAIN_1955,0.88,0.54,0.56,0.56
TRAIN_1956,0.96,0.96,0.96,0.96
TRAIN_1957,0.13,0.54,0.56,0.55
TRAIN_1958,0.11,0.11,0.11,0.11
TRAIN_1959,0.87,0.51,0.5,0.5
TRAIN_1960,0.97,0.97,0.45,0.97
TRAIN_1961,0.64,0.51,0.49,0.5
TRAIN_1962,0.62,0.47,0.57,0.48
TRAIN_1963,0.76,0.54,0.5,0.55
TRAIN_1964,0.66,0.55,0.51,0.52
TRAIN_1965,0.12,0.12,0.12,0.12
TRAIN_1966,0.07,0.46,0.42,0.46
TRAIN_1967,0.69,0.58,0.56,0.52
TRAIN_1968,0.46,0.35,0.37,0.37
TRAIN_1969,0.54,0.54,0.54,0.56
TRAIN_1970,0.62,0.56,0.61,0.62
TRAIN_1971,0.54,0.54,0.51,0.56
TRAIN_1972,0.16,0.16,0.16,0.5
TRAIN_1973,0.17,0.17,0.17,0.17
TRAIN_1974,0.14,0.54,0.52,0.52
TRAIN_1975,0.88,0.48,0.57,0.51
TRAIN_1976,0.39,0.44,0.5,0.48
TRAIN_1977,0.71,0.47,0.46,0.44
TRAIN_1978,0.73,0.49,0.47,0.45
TRAIN_1979,0.91,0.56,0.56,0.57
TRAIN_1980,0.05,0.46,0.38,0.38
TRAIN_1981,0.68,0.46,0.46,0.53
TRAIN_1982,0.66,0.46,0.54,0.5
TRAIN_1983,0.9,0.9,0.9,0.52
TRAIN_1984,0.3,0.59,0.58,0.55
TRAIN_1985,0.27,0.27,0.27,0.58
TRAIN_1986,0.75,0.5,0.46,0.47
TRAIN_1987,0.03,0.03,0.03,0.03
TRAIN_1988,0.8,0.55,0.53,0.51
TRAIN_1989,0.1,0.43,0.47,0.4
TRAIN_1990,0.23,0.23,0.23,0.57
TRAIN_1991,0.71,0.56,0.71,0.71
TRAIN_1992,0.37,0.37,0.37,0.37
TRAIN_1993,0.74,0.74,0.63,0.74
TRAIN_1994,0.78,0.78,0.78,0.78
TRAIN_1995,0.57,0.57,0.57,0.57
TRAIN_1996,0.19,0.52,0.19,0.19
TRAIN_1997,0.19,0.52,0.56,0.53
TRAIN_1998,0.52,0.52,0.52,0.52
TRAIN_1999,0.38,0.57,0.38,0.53
TRAIN_2000,0.45,0.53,0.53,0.55
TRAIN_2001,0.38,0.38,0.48,0.38
TRAIN_2002,0.98,0.98,0.98,0.98
TRAIN_2003,0.32,0.57,0.55,0.64
TRAIN_2004,0.61,0.61,0.61,0.61
TRAIN_2005,0.85,0.57,0.56,0.54
TRAIN_2006,0.58,0.58,0.58,0.58
TRAIN_2007,0.06,0.52,0.51,0.49
TRAIN_2008,0.09,0.46,0.46,0.47
TRAIN_2009,0.2,0.2,0.2,0.2
TRAIN_2010,0.46,0.55,0.55,0.51
TRAIN_2011,0.61,0.61,0.61,0.61
TRAIN_2012,0.59,0.54,0.52,0.56
TRAIN_2013,0.98,0.46,0.53,0.53
TRAIN_2014,0.13,0.13,0.13,0.13
TRAIN_2015,0.12,0.49,0.46,0.43
TRAIN_2016,0.32,0.43,0.44,0.46
TRAIN_2017,0.29,0.29,0.29,0.29
TRAIN_2018,0.53,0.53,0.53,0.53
TRAIN_2019,0.47,0.47,0.47,0.47
TRAIN_2020,0.13,0.13,0.13,0.13
TRAIN_2021,0.89,0.49,0.48,0.51
TRAIN_2022,0.43,0.55,0.54,0.55
TRAIN_2023,0.13,0.47,0.47,0.43
TRAIN_2024,0.1,0.1,0.1,0.1
TRAIN_2025,0.3,0.3,0.3,0.59
TRAIN_2026,0.9,0.9,0.9,0.44
TRAIN_2027,0.31,0.31,0.31,0.31
TRAIN_2028,0.21,0.21,0.21,0.21
TRAIN_2029,0.03,0.03,0.47,0.03
TRAIN_2030,0.08,0.52,0.08,0.08
TRAIN_2031,0.44,0.58,0.62,0.61
TRAIN_2032,0.05,0.58,0.55,0.58
TRAIN_2033,0.72,0.48,0.72,0.47
TRAIN_2034,0.71,0.71,0.71,0.71
TRAIN_2035,0.82,0.82,0.82,0.82
TRAIN_2036,0.77,0.77,0.5,0.77
TRAIN_2037,0.67,0.51,0.5,0.45
TRAIN_2038,0.35,0.5,0.49,0.52
TRAIN_2039,0.59,0.56,0.59,0.59
TRAIN_2040,0.33,0.58,0.62,0.61
TRAIN_2041,0.55,0.59,0.56,0.58
TRAIN_2042,0.8,0.8,0.8,0.8
TRAIN_2043,0.12,0.12,0.12,0.12
TRAIN_2044,0.25,0.52,0.51,0.51
TRAIN_2045,0.55,0.58,0.48,0.56
TRAIN_2046,0.65,0.58,0.57,0.6
TRAIN_2047,0.54,0.54,0.54,0.54
TRAIN_2048,0.53,0.53,0.53,0.52
TRAIN_2049,0.36,0.54,0.49,0.55
TRAIN_2050,0.82,0.47,0.49,0.49
TRAIN_2051,0.02,0.47,0.02,0.02
TRAIN_2052,0.8,0.8,0.8,0.8
TRAIN_2053,0.1,0.45,0.52,0.1
TRAIN_2054,0.72,0.48,0.72,0.47
TRAIN_2055,0.23,0.45,0.23,0.23
TRAIN_2056,0.99,0.99,0.99,0.99
TRAIN_2057,0.74,0.5,0.5,0.49
TRAIN_2058,0.12,0.45,0.38,0.44
TRAIN_2059,0.92,0.46,0.92,0.92
TRAIN_2060,0.79,0.4,0.43,0.44
TRAIN_2061,0.73,0.73,0.73,0.73
TRAIN_2062,0.37,0.59,0.59,0.58
TRAIN_2063,0.76,0.76,0.76,0.76
TRAIN_2064,0.11,0.42,0.47,0.37
TRAIN_2065,0.93,0.93,0.93,0.93
TRAIN_2066,0.27,0.27,0.27,0.27
TRAIN_2067,0.94,0.5,0.46,0.47
TRAIN_2068,0.6,0.6,0.6,0.6
TRAIN_2069,0.5,0.59,0.6,0.58
TRAIN_2070,0.04,0.04,0.04,0.04
TRAIN_2071,0.96,0.5,0.53,0.47
TRAIN_2072,0.54,0.54,0.54,0.54
TRAIN_2073,0.24,0.24,0.24,0.24
TRAIN_2074,0.57,0.57,0.57,0.57
TRAIN_2075,0.09,0.51,0.59,0.5
TRAIN_2076,0.71,0.49,0.71,0.71
TRAIN_2077,0.63,0.63,0.63,0.63
TRAIN_2078,0.54,0.54,0.54,0.54
TRAIN_2079,0.62,0.62,0.62,0.62
TRAIN_2080,0.73,0.73,0.49,0.43
TRAIN_2081,0.31,0.54,0.31,0.31
TRAIN_2082,0.86,0.42,0.86,0.86
TRAIN_2083,0.83,0.83,0.83,0.83
TRAIN_2084,0.49,0.52,0.42,0.49
TRAIN_2085,0.33,0.33,0.33,0.48
TRAIN_2086,0.83,0.83,0.83,0.49
TRAIN_2087,0.22,0.53,0.22,0.22
TRAIN_2088,0.29,0.5,0.5,0.45
TRAIN_2089,0.36,0.51,0.46,0.47
TRAIN_2090,0.28,0.28,0.28,0.28
TRAIN_2091,0.33,0.42,0.42,0.45
TRAIN_2092,0.75,0.54,0.57,0.56
TRAIN_2093,0.02,0.02,0.43,0.02
TRAIN_2094,0.04,0.61,0.56,0.63
TRAIN_2095,0.28,0.47,0.42,0.45
TRAIN_2096,0.86,0.86,0.86,0.86
TRAIN_2097,0.77,0.77,0.77,0.77
TRAIN_2098,0.69,0.69,0.69,0.69
TRAIN_2099,0.86,0.63,0.7,0.66
TRAIN_2100,0.8,0.42,0.45,0.44
TRAIN_2101,0.87,0.53,0.52,0.54
TRAIN_2102,0.62,0.62,0.43,0.62
TRAIN_2103,0.74,0.74,0.42,0.43
TRAIN_2104,0.29,0.5,0.47,0.48
TRAIN_2105,0.19,0.54,0.49,0.49
TRAIN_2106,0.11,0.51,0.53,0.52
TRAIN_2107,0.81,0.45,0.47,0.5
TRAIN_2108,0.19,0.53,0.56,0.51
TRAIN_2109,0.94,0.94,0.94,0.94
TRAIN_2110,0.71,0.54,0.55,0.54
TRAIN_2111,0.33,0.33,0.33,0.33
TRAIN_2112,0.06,0.06,0.06,0.06
TRAIN_2113,0.59,0.59,0.59,0.59
TRAIN_2114,0.21,0.21,0.21,0.21
TRAIN_2115,0.75,0.75,0.75,0.75
TRAIN_2116,0.01,0.01,0.01,0.01
TRAIN_2117,0.7,0.7,0.7,0.7
TRAIN_2118,0.89,0.55,0.52,0.52
TRAIN_2119,0.62,0.52,0.51,0.55
TRAIN_2120,0.59,0.5,0.44,0.49
TRAIN_2121,0.11,0.11,0.11,0.55
TRAIN_2122,0.23,0.23,0.23,0.23
TRAIN_2123,0.31,0.31,0.31,0.31
TRAIN_2124,0.9,0.44,0.49,0.48
TRAIN_2125,0.86,0.86,0.86,0.86
TRAIN_2126,0.26,0.51,0.26,0.26
TRAIN_2127,0.55,0.59,0.59,0.58
TRAIN_2128,0.39,0.41,0.39,0.39
TRAIN_2129,0.97,0.48,0.49,0.48
TRAIN_2130,0.13,0.63,0.13,0.63
TRAIN_2131,0.48,0.51,0.55,0.53
TRAIN_2132,0.28,0.28,0.28,0.28
TRAIN_2133,0.31,0.31,0.31,0.31
TRAIN_2134,0.66,0.4,0.37,0.48
TRAIN_2135,0.21,0.21,0.55,0.21
TRAIN_2136,0.45,0.58,0.57,0.58
TRAIN_2137,0.47,0.47,0.47,0.47
TRAIN_2138,0.3,0.54,0.3,0.3
TRAIN_2139,0.56,0.53,0.55,0.56
TRAIN_2140,0.67,0.58,0.55,0.54
TRAIN_2141,0.54,0.55,0.6,0.59
TRAIN_2142,0.24,0.47,0.46,0.43
TRAIN_2143,0.76,0.43,0.37,0.76
TRAIN_2144,0.47,0.47,0.47,0.56
TRAIN_2145,0.33,0.51,0.47,0.41
TRAIN_2146,0.44,0.53,0.59,0.52
TRAIN_2147,0.48,0.48,0.48,0.51
TRAIN_2148,0.81,0.81,0.81,0.81
TRAIN_2149,0.94,0.46,0.48,0.94
TRAIN_2150,0.19,0.19,0.19,0.19
TRAIN_2151,0.74,0.52,0.74,0.74
TRAIN_2152,0.1,0.48,0.45,0.47
TRAIN_2153,0.02,0.48,0.5,0.45
TRAIN_2154,1.0,1.0,0.51,1.0
TRAIN_2155,0.53,0.53,0.53,0.46
TRAIN_2156,0.6,0.55,0.49,0.49
TRAIN_2157,0.23,0.59,0.57,0.56
TRAIN_2158,0.84,0.47,0.55,0.49
TRAIN_2159,0.59,0.52,0.47,0.51
TRAIN_2160,0.37,0.37,0.37,0.37
TRAIN_2161,0.99,0.54,0.55,0.56
TRAIN_2162,0.58,0.5,0.47,0.51
TRAIN_2163,0.9,0.9,0.9,0.9
TRAIN_2164,0.7,0.57,0.55,0.56
TRAIN_2165,0.73,0.42,0.44,0.45
TRAIN_2166,0.19,0.54,0.49,0.49
TRAIN_2167,0.83,0.53,0.54,0.54
TRAIN_2168,0.85,0.85,0.85,0.55
TRAIN_2169,0.86,0.86,0.86,0.86
TRAIN_2170,0.23,0.46,0.45,0.46
TRAIN_2171,0.34,0.5,0.52,0.54
TRAIN_2172,0.8,0.52,0.8,0.8
TRAIN_2173,0.92,0.48,0.53,0.58
TRAIN_2174,0.52,0.52,0.52,0.41
TRAIN_2175,0.35,0.4,0.4,0.43
TRAIN_2176,0.96,0.96,0.96,0.96
TRAIN_2177,0.7,0.45,0.52,0.51
TRAIN_2178,0.67,0.67,0.67,0.67
TRAIN_2179,0.27,0.49,0.46,0.52
TRAIN_2180,0.47,0.47,0.47,0.47
TRAIN_2181,0.64,0.48,0.51,0.51
TRAIN_2182,0.71,0.45,0.43,0.43
TRAIN_2183,0.6,0.6,0.58,0.6
TRAIN_2184,0.8,0.54,0.8,0.8
TRAIN_2185,0.94,0.52,0.53,0.51
TRAIN_2186,0.96,0.43,0.42,0.49
TRAIN_2187,0.56,0.52,0.5,0.55
TRAIN_2188,0.72,0.51,0.53,0.51
TRAIN_2189,0.94,0.94,0.51,0.94
TRAIN_2190,0.54,0.54,0.54,0.54
TRAIN_2191,0.13,0.13,0.13,0.47
TRAIN_2192,0.12,0.12,0.51,0.12
TRAIN_2193,0.18,0.6,0.61,0.59
TRAIN_2194,0.11,0.11,0.11,0.5
TRAIN_2195,0.64,0.55,0.64,0.64
TRAIN_2196,0.97,0.97,0.58,0.97
TRAIN_2197,0.38,0.71,0.7,0.63
TRAIN_2198,0.37,0.37,0.37,0.37
TRAIN_2199,0.79,0.79,0.79,0.79
TRAIN_2200,0.83,0.83,0.83,0.83
TRAIN_2201,0.57,0.47,0.48,0.48
TRAIN_2202,0.38,0.45,0.46,0.5
TRAIN_2203,0.18,0.18,0.18,0.18
TRAIN_2204,0.36,0.36,0.36,0.36
TRAIN_2205,0.4,0.55,0.53,0.52
TRAIN_2206,0.68,0.68,0.68,0.47
TRAIN_2207,0.1,0.49,0.47,0.52
TRAIN_2208,0.39,0.45,0.48,0.47
TRAIN_2209,0.5,0.52,0.5,0.5
TRAIN_2210,0.47,0.49,0.54,0.51
TRAIN_2211,0.73,0.73,0.73,0.73
TRAIN_2212,0.12,0.12,0.12,0.12
TRAIN_2213,0.79,0.49,0.51,0.5
TRAIN_2214,0.85,0.85,0.52,0.49
TRAIN_2215,0.56,0.51,0.49,0.49
TRAIN_2216,0.73,0.42,0.43,0.45
TRAIN_2217,0.75,0.75,0.75,0.75
TRAIN_2218,0.98,0.98,0.98,0.46
TRAIN_2219,0.49,0.49,0.4,0.49
TRAIN_2220,0.25,0.5,0.52,0.52
TRAIN_2221,0.81,0.81,0.81,0.58
TRAIN_2222,0.35,0.66,0.64,0.57
TRAIN_2223,0.68,0.56,0.56,0.55
TRAIN_2224,0.5,0.55,0.61,0.6
TRAIN_2225,0.04,0.45,0.43,0.46
TRAIN_2226,0.06,0.06,0.56,0.06
TRAIN_2227,0.61,0.61,0.49,0.61
TRAIN_2228,0.42,0.42,0.42,0.42
TRAIN_2229,0.69,0.6,0.55,0.56
TRAIN_2230,0.33,0.33,0.33,0.33
TRAIN_2231,0.22,0.42,0.48,0.48
TRAIN_2232,0.42,0.49,0.5,0.46
TRAIN_2233,0.07,0.07,0.52,0.07
TRAIN_2234,0.69,0.69,0.69,0.69
TRAIN_2235,0.27,0.47,0.42,0.41
TRAIN_2236,0.64,0.55,0.54,0.57
TRAIN_2237,0.69,0.47,0.48,0.46
TRAIN_2238,0.64,0.64,0.53,0.64
TRAIN_2239,0.4,0.47,0.4,0.38
TRAIN_2240,0.46,0.59,0.55,0.59
TRAIN_2241,0.39,0.39,0.39,0.39
TRAIN_2242,0.74,0.74,0.74,0.74
TRAIN_2243,0.52,0.52,0.45,0.49
TRAIN_2244,0.63,0.54,0.55,0.54
TRAIN_2245,0.22,0.47,0.22,0.22
TRAIN_2246,0.1,0.1,0.1,0.1
TRAIN_2247,0.72,0.49,0.6,0.57
TRAIN_2248,0.96,0.96,0.96,0.96
TRAIN_2249,0.14,0.54,0.14,0.14
TRAIN_2250,0.52,0.48,0.47,0.47
TRAIN_2251,0.29,0.61,0.29,0.29
TRAIN_2252,0.35,0.35,0.35,0.44
TRAIN_2253,0.04,0.52,0.51,0.49
TRAIN_2254,0.74,0.74,0.74,0.74
TRAIN_2255,0.99,0.63,0.99,0.99
TRAIN_2256,0.63,0.63,0.63,0.48
TRAIN_2257,0.68,0.68,0.68,0.68
TRAIN_2258,0.26,0.26,0.26,0.26
TRAIN_2259,0.3,0.47,0.5,0.5
TRAIN_2260,0.32,0.32,0.32,0.32
TRAIN_2261,0.47,0.47,0.48,0.47
TRAIN_2262,0.13,0.53,0.53,0.53
TRAIN_2263,0.04,0.04,0.04,0.04
TRAIN_2264,0.27,0.27,0.59,0.27
TRAIN_2265,0.56,0.51,0.56,0.56
TRAIN_2266,0.23,0.51,0.23,0.23
TRAIN_2267,0.09,0.09,0.09,0.51
TRAIN_2268,0.07,0.07,0.07,0.07
TRAIN_2269,0.94,0.41,0.42,0.39
TRAIN_2270,0.17,0.49,0.49,0.52
TRAIN_2271,0.74,0.74,0.74,0.74
TRAIN_2272,0.01,0.01,0.5,0.01
TRAIN_2273,0.71,0.71,0.71,0.71
TRAIN_2274,0.97,0.47,0.97,0.97
TRAIN_2275,0.0,0.0,0.0,0.0
TRAIN_2276,0.62,0.53,0.62,0.62
TRAIN_2277,0.67,0.67,0.5,0.67
TRAIN_2278,0.21,0.21,0.21,0.21
TRAIN_2279,0.65,0.65,0.65,0.65
TRAIN_2280,0.81,0.5,0.52,0.46
TRAIN_2281,0.21,0.45,0.42,0.5
TRAIN_2282,0.23,0.43,0.4,0.45
TRAIN_2283,0.49,0.49,0.46,0.46
TRAIN_2284,0.0,0.0,0.0,0.0
TRAIN_2285,0.76,0.48,0.47,0.48
TRAIN_2286,0.62,0.46,0.49,0.46
TRAIN_2287,0.92,0.43,0.47,0.46
TRAIN_2288,0.67,0.67,0.46,0.67
TRAIN_2289,0.31,0.45,0.31,0.31
TRAIN_2290,0.81,0.81,0.81,0.81
TRAIN_2291,0.96,0.96,0.96,0.96
TRAIN_2292,0.79,0.79,0.79,0.79
TRAIN_2293,0.62,0.62,0.62,0.62
TRAIN_2294,0.33,0.51,0.33,0.33
TRAIN_2295,0.28,0.28,0.43,0.28
TRAIN_2296,0.37,0.37,0.37,0.37
TRAIN_2297,0.67,0.67,0.67,0.67
TRAIN_2298,0.31,0.31,0.31,0.31
TRAIN_2299,0.47,0.45,0.46,0.31
TRAIN_2300,0.79,0.79,0.79,0.79
TRAIN_2301,0.89,0.89,0.44,0.89
TRAIN_2302,0.7,0.7,0.48,0.7
TRAIN_2303,0.67,0.42,0.4,0.34
TRAIN_2304,0.64,0.64,0.64,0.46
TRAIN_2305,0.47,0.52,0.47,0.55
TRAIN_2306,0.56,0.56,0.45,0.56
TRAIN_2307,0.71,0.71,0.71,0.49
TRAIN_2308,0.5,0.55,0.49,0.52
TRAIN_2309,0.04,0.61,0.57,0.61
TRAIN_2310,0.8,0.5,0.8,0.8
TRAIN_2311,0.58,0.55,0.51,0.5
TRAIN_2312,0.84,0.55,0.57,0.55
TRAIN_2313,0.6,0.6,0.6,0.6
TRAIN_2314,0.23,0.57,0.59,0.58
TRAIN_2315,0.88,0.54,0.61,0.57
TRAIN_2316,0.19,0.19,0.21,0.25
TRAIN_2317,0.38,0.52,0.49,0.47
TRAIN_2318,0.77,0.77,0.51,0.77
TRAIN_2319,0.08,0.53,0.08,0.08
TRAIN_2320,0.42,0.53,0.54,0.55
TRAIN_2321,0.79,0.55,0.53,0.55
TRAIN_2322,0.63,0.4,0.45,0.48
TRAIN_2323,0.17,0.52,0.17,0.17
TRAIN_2324,0.02,0.47,0.48,0.55
TRAIN_2325,0.64,0.49,0.64,0.64
TRAIN_2326,0.43,0.5,0.49,0.55
TRAIN_2327,0.33,0.33,0.33,0.33
TRAIN_2328,0.94,0.47,0.5,0.94
TRAIN_2329,0.74,0.56,0.55,0.56
TRAIN_2330,0.26,0.26,0.26,0.26
TRAIN_2331,0.54,0.45,0.42,0.43
TRAIN_2332,0.77,0.44,0.48,0.46
TRAIN_2333,0.32,0.58,0.57,0.59
TRAIN_2334,0.74,0.52,0.52,0.52
TRAIN_2335,0.94,0.94,0.94,0.94
TRAIN_2336,0.49,0.49,0.49,0.49
TRAIN_2337,0.37,0.53,0.56,0.37
TRAIN_2338,0.93,0.58,0.57,0.59
TRAIN_2339,0.51,0.53,0.5,0.52
TRAIN_2340,0.33,0.42,0.42,0.47
TRAIN_2341,0.21,0.49,0.5,0.5
TRAIN_2342,0.41,0.47,0.46,0.42
TRAIN_2343,0.63,0.47,0.47,0.49
TRAIN_2344,0.06,0.06,0.06,0.06
TRAIN_2345,0.35,0.54,0.51,0.54
TRAIN_2346,0.83,0.44,0.44,0.83
TRAIN_2347,0.6,0.53,0.53,0.54
TRAIN_2348,0.78,0.61,0.61,0.58
TRAIN_2349,0.79,0.54,0.55,0.54
TRAIN_2350,0.62,0.62,0.62,0.62
TRAIN_2351,0.95,0.52,0.53,0.53
TRAIN_2352,0.19,0.19,0.19,0.52
TRAIN_2353,0.99,0.53,0.53,0.53
TRAIN_2354,0.44,0.54,0.55,0.53
TRAIN_2355,0.25,0.25,0.25,0.25
TRAIN_2356,0.15,0.15,0.15,0.15
TRAIN_2357,0.6,0.54,0.58,0.61
TRAIN_2358,0.95,0.5,0.52,0.53
TRAIN_2359,0.75,0.75,0.75,0.45
TRAIN_2360,0.29,0.29,0.29,0.29
TRAIN_2361,0.09,0.48,0.45,0.43
TRAIN_2362,0.3,0.47,0.48,0.44
TRAIN_2363,0.47,0.47,0.47,0.47
TRAIN_2364,0.14,0.42,0.41,0.41
TRAIN_2365,0.41,0.41,0.41,0.41
TRAIN_2366,0.71,0.52,0.57,0.52
TRAIN_2367,0.68,0.41,0.37,0.39
TRAIN_2368,0.58,0.49,0.49,0.5
TRAIN_2369,0.9,0.9,0.9,0.9
TRAIN_2370,0.17,0.52,0.17,0.17
TRAIN_2371,0.55,0.56,0.66,0.56
TRAIN_2372,0.59,0.54,0.53,0.53
TRAIN_2373,0.59,0.46,0.59,0.59
TRAIN_2374,0.82,0.47,0.48,0.45
TRAIN_2375,0.77,0.54,0.52,0.53
TRAIN_2376,0.69,0.69,0.69,0.69
TRAIN_2377,0.8,0.8,0.8,0.8
TRAIN_2378,0.16,0.53,0.5,0.52
TRAIN_2379,0.28,0.45,0.42,0.42
TRAIN_2380,0.6,0.6,0.6,0.6
TRAIN_2381,0.49,0.49,0.39,0.49
TRAIN_2382,0.77,0.77,0.77,0.77
TRAIN_2383,0.81,0.37,0.41,0.4
TRAIN_2384,0.29,0.48,0.48,0.46
TRAIN_2385,0.97,0.54,0.5,0.58
TRAIN_2386,0.91,0.51,0.54,0.48
TRAIN_2387,0.34,0.49,0.51,0.49
TRAIN_2388,0.66,0.66,0.66,0.52
TRAIN_2389,0.28,0.52,0.54,0.5
TRAIN_2390,0.67,0.67,0.67,0.67
TRAIN_2391,0.96,0.96,0.52,0.96
TRAIN_2392,0.92,0.92,0.92,0.92
TRAIN_2393,0.26,0.26,0.26,0.26
TRAIN_2394,0.52,0.52,0.52,0.52
TRAIN_2395,0.14,0.5,0.49,0.48
TRAIN_2396,0.79,0.79,0.42,0.79
TRAIN_2397,0.8,0.8,0.8,0.8
TRAIN_2398,0.17,0.54,0.17,0.17
TRAIN_2399,0.59,0.59,0.59,0.54
TRAIN_2400,0.47,0.47,0.47,0.47
TRAIN_2401,0.25,0.48,0.48,0.48
TRAIN_2402,0.19,0.5,0.5,0.51
TRAIN_2403,0.8,0.8,0.8,0.8
TRAIN_2404,0.58,0.56,0.56,0.55
TRAIN_2405,0.98,0.54,0.51,0.54
TRAIN_2406,0.26,0.26,0.26,0.53
TRAIN_2407,0.8,0.47,0.45,0.45
TRAIN_2408,0.0,0.0,0.0,0.0
TRAIN_2409,0.4,0.4,0.4,0.4
TRAIN_2410,0.28,0.28,0.28,0.28
TRAIN_2411,0.46,0.46,0.46,0.46
TRAIN_2412,0.31,0.31,0.36,0.31
TRAIN_2413,0.47,0.45,0.49,0.48
TRAIN_2414,0.21,0.58,0.59,0.58
TRAIN_2415,0.38,0.57,0.57,0.56
TRAIN_2416,0.16,0.56,0.44,0.5
TRAIN_2417,0.91,0.91,0.91,0.91
TRAIN_2418,0.55,0.45,0.44,0.52
TRAIN_2419,0.57,0.54,0.51,0.54
TRAIN_2420,0.68,0.61,0.62,0.65
TRAIN_2421,0.08,0.52,0.53,0.52
TRAIN_2422,0.9,0.9,0.9,0.9
TRAIN_2423,0.13,0.56,0.56,0.62
TRAIN_2424,0.5,0.47,0.47,0.47
TRAIN_2425,0.4,0.4,0.4,0.4
TRAIN_2426,0.83,0.38,0.46,0.39
TRAIN_2427,0.41,0.41,0.41,0.41
TRAIN_2428,0.84,0.84,0.84,0.84
TRAIN_2429,0.8,0.46,0.46,0.46
TRAIN_2430,0.96,0.53,0.56,0.57
TRAIN_2431,0.47,0.47,0.47,0.56
TRAIN_2432,0.37,0.37,0.37,0.37
TRAIN_2433,0.4,0.51,0.4,0.4
TRAIN_2434,0.71,0.54,0.53,0.51
TRAIN_2435,0.97,0.54,0.51,0.5
TRAIN_2436,0.45,0.47,0.47,0.47
TRAIN_2437,0.32,0.52,0.53,0.53
TRAIN_2438,0.3,0.55,0.3,0.3
TRAIN_2439,0.71,0.71,0.71,0.71
TRAIN_2440,0.32,0.51,0.49,0.51
TRAIN_2441,0.84,0.84,0.84,0.84
TRAIN_2442,0.4,0.56,0.58,0.56
TRAIN_2443,0.63,0.49,0.5,0.5
TRAIN_2444,0.76,0.61,0.76,0.76
TRAIN_2445,0.63,0.49,0.5,0.49
TRAIN_2446,0.28,0.53,0.5,0.5
TRAIN_2447,0.9,0.47,0.44,0.47
TRAIN_2448,0.12,0.12,0.12,0.12
TRAIN_2449,0.41,0.57,0.51,0.41
TRAIN_2450,0.83,0.45,0.4,0.46
TRAIN_2451,0.32,0.5,0.53,0.52
TRAIN_2452,0.51,0.51,0.51,0.51
TRAIN_2453,0.26,0.58,0.26,0.26
TRAIN_2454,0.15,0.49,0.58,0.56
TRAIN_2455,0.85,0.85,0.85,0.55
TRAIN_2456,0.74,0.4,0.74,0.74
TRAIN_2457,0.96,0.96,0.96,0.96
TRAIN_2458,0.74,0.58,0.59,0.59
TRAIN_2459,0.37,0.37,0.37,0.37
TRAIN_2460,0.22,0.63,0.22,0.55
TRAIN_2461,0.3,0.42,0.36,0.4
TRAIN_2462,0.02,0.57,0.58,0.55
TRAIN_2463,0.78,0.46,0.46,0.47
TRAIN_2464,0.79,0.79,0.79,0.79
TRAIN_2465,0.97,0.97,0.97,0.97
TRAIN_2466,0.48,0.48,0.5,0.48
TRAIN_2467,0.82,0.48,0.48,0.48
TRAIN_2468,0.52,0.46,0.42,0.47
TRAIN_2469,0.75,0.75,0.75,0.75
TRAIN_2470,0.47,0.47,0.47,0.47
TRAIN_2471,0.74,0.49,0.37,0.44
TRAIN_2472,0.53,0.6,0.64,0.6
TRAIN_2473,0.09,0.09,0.09,0.09
TRAIN_2474,1.0,0.48,0.5,0.5
TRAIN_2475,0.26,0.26,0.26,0.26
TRAIN_2476,0.72,0.46,0.45,0.45
TRAIN_2477,0.99,0.62,0.62,0.6
TRAIN_2478,0.74,0.55,0.52,0.61
TRAIN_2479,0.19,0.19,0.19,0.19
TRAIN_2480,0.67,0.52,0.49,0.55
TRAIN_2481,0.41,0.58,0.56,0.54
TRAIN_2482,0.78,0.51,0.49,0.46
TRAIN_2483,0.61,0.56,0.52,0.56
TRAIN_2484,0.05,0.49,0.51,0.51
TRAIN_2485,0.76,0.51,0.76,0.76
TRAIN_2486,0.02,0.48,0.02,0.02
TRAIN_2487,0.42,0.44,0.42,0.42
TRAIN_2488,0.59,0.53,0.53,0.55
TRAIN_2489,0.35,0.6,0.56,0.51
TRAIN_2490,0.58,0.54,0.5,0.53
TRAIN_2491,0.76,0.53,0.54,0.5
TRAIN_2492,0.03,0.03,0.03,0.03
TRAIN_2493,0.15,0.41,0.36,0.39
TRAIN_2494,0.0,0.57,0.0,0.0
TRAIN_2495,0.69,0.58,0.51,0.57
TRAIN_2496,0.3,0.58,0.63,0.53
TRAIN_2497,0.62,0.5,0.54,0.54
TRAIN_2498,0.11,0.54,0.11,0.11
TRAIN_2499,0.17,0.46,0.17,0.17
TRAIN_2500,0.96,0.96,0.53,0.96
TRAIN_2501,0.8,0.46,0.49,0.42
TRAIN_2502,0.8,0.59,0.59,0.58
TRAIN_2503,0.84,0.84,0.5,0.84
TRAIN_2504,0.07,0.07,0.07,0.4
TRAIN_2505,0.99,0.59,0.55,0.59
TRAIN_2506,0.12,0.43,0.44,0.53
TRAIN_2507,0.21,0.21,0.21,0.21
TRAIN_2508,0.37,0.37,0.37,0.37
TRAIN_2509,0.73,0.53,0.57,0.55
TRAIN_2510,0.64,0.64,0.64,0.64
TRAIN_2511,0.98,0.55,0.54,0.57
TRAIN_2512,0.14,0.37,0.14,0.14
TRAIN_2513,0.43,0.62,0.62,0.59
TRAIN_2514,0.98,0.98,0.98,0.98
TRAIN_2515,0.14,0.48,0.44,0.44
TRAIN_2516,0.45,0.57,0.56,0.56
TRAIN_2517,0.52,0.52,0.52,0.52
TRAIN_2518,0.77,0.55,0.54,0.54
TRAIN_2519,0.08,0.08,0.08,0.08
TRAIN_2520,0.59,0.47,0.48,0.53
TRAIN_2521,0.81,0.45,0.48,0.5
TRAIN_2522,0.33,0.33,0.33,0.33
TRAIN_2523,0.56,0.47,0.51,0.56
TRAIN_2524,0.18,0.18,0.18,0.18
TRAIN_2525,0.48,0.48,0.49,0.48
TRAIN_2526,0.3,0.5,0.48,0.52
TRAIN_2527,0.86,0.86,0.86,0.86
TRAIN_2528,0.77,0.51,0.49,0.51
TRAIN_2529,0.15,0.53,0.46,0.53
TRAIN_2530,0.5,0.5,0.55,0.5
TRAIN_2531,0.53,0.53,0.48,0.53
TRAIN_2532,0.52,0.52,0.5,0.57
TRAIN_2533,0.39,0.55,0.54,0.55
TRAIN_2534,0.21,0.21,0.6,0.21
TRAIN_2535,0.33,0.33,0.33,0.33
TRAIN_2536,0.49,0.53,0.49,0.45
TRAIN_2537,0.85,0.85,0.85,0.85
TRAIN_2538,0.26,0.26,0.26,0.26
TRAIN_2539,0.48,0.6,0.44,0.51
TRAIN_2540,0.43,0.45,0.5,0.49
TRAIN_2541,0.75,0.75,0.75,0.56
TRAIN_2542,0.62,0.62,0.62,0.62
TRAIN_2543,0.26,0.49,0.47,0.49
TRAIN_2544,0.58,0.5,0.48,0.5
TRAIN_2545,0.05,0.52,0.05,0.05
TRAIN_2546,0.83,0.44,0.52,0.44
TRAIN_2547,0.97,0.44,0.97,0.97
TRAIN_2548,0.97,0.51,0.47,0.53
TRAIN_2549,0.03,0.03,0.54,0.6
TRAIN_2550,0.6,0.6,0.59,0.6
TRAIN_2551,0.97,0.97,0.97,0.97
TRAIN_2552,0.36,0.5,0.52,0.51
TRAIN_2553,0.45,0.57,0.57,0.6
TRAIN_2554,0.43,0.43,0.58,0.43
TRAIN_2555,0.58,0.53,0.48,0.52
TRAIN_2556,0.45,0.45,0.45,0.45
TRAIN_2557,0.15,0.55,0.15,0.15
TRAIN_2558,0.34,0.34,0.34,0.34
TRAIN_2559,0.0,0.0,0.0,0.0
TRAIN_2560,0.84,0.51,0.5,0.49
TRAIN_2561,0.46,0.43,0.47,0.41
TRAIN_2562,0.65,0.46,0.46,0.65
TRAIN_2563,0.88,0.48,0.88,0.53
TRAIN_2564,0.7,0.7,0.7,0.55
TRAIN_2565,0.11,0.11,0.11,0.5
TRAIN_2566,0.17,0.38,0.17,0.17
TRAIN_2567,0.91,0.91,0.91,0.91
TRAIN_2568,0.4,0.54,0.4,0.4
TRAIN_2569,0.03,0.45,0.37,0.37
TRAIN_2570,0.27,0.27,0.27,0.27
TRAIN_2571,0.8,0.8,0.8,0.8
TRAIN_2572,0.95,0.95,0.51,0.95
TRAIN_2573,0.07,0.54,0.56,0.57
TRAIN_2574,0.96,0.96,0.96,0.96
TRAIN_2575,0.49,0.42,0.5,0.49
TRAIN_2576,0.78,0.78,0.49,0.78
TRAIN_2577,0.99,0.51,0.49,0.49
TRAIN_2578,0.16,0.16,0.16,0.44
TRAIN_2579,0.38,0.45,0.57,0.61
TRAIN_2580,0.22,0.22,0.22,0.45
TRAIN_2581,0.34,0.48,0.48,0.48
TRAIN_2582,0.51,0.54,0.54,0.57
TRAIN_2583,0.31,0.31,0.38,0.31
TRAIN_2584,0.29,0.48,0.53,0.47
TRAIN_2585,0.47,0.47,0.47,0.56
TRAIN_2586,0.82,0.82,0.82,0.45
TRAIN_2587,0.04,0.46,0.47,0.49
TRAIN_2588,0.84,0.84,0.5,0.84
TRAIN_2589,0.34,0.5,0.46,0.47
TRAIN_2590,0.77,0.53,0.48,0.5
TRAIN_2591,0.1,0.61,0.1,0.1
TRAIN_2592,0.5,0.5,0.45,0.5
TRAIN_2593,0.16,0.44,0.45,0.52
TRAIN_2594,0.14,0.14,0.14,0.14
TRAIN_2595,0.82,0.61,0.64,0.63
TRAIN_2596,0.69,0.69,0.69,0.69
TRAIN_2597,0.04,0.54,0.49,0.55
TRAIN_2598,0.33,0.49,0.49,0.51
TRAIN_2599,0.69,0.69,0.69,0.69
TRAIN_2600,0.62,0.62,0.62,0.62
TRAIN_2601,0.21,0.21,0.21,0.21
TRAIN_2602,0.74,0.5,0.49,0.51
TRAIN_2603,0.81,0.46,0.5,0.53
TRAIN_2604,0.54,0.46,0.5,0.49
TRAIN_2605,0.76,0.68,0.76,0.76
TRAIN_2606,0.49,0.49,0.49,0.49
TRAIN_2607,0.95,0.95,0.95,0.95
TRAIN_2608,0.39,0.48,0.39,0.39
TRAIN_2609,0.6,0.49,0.64,0.5
TRAIN_2610,0.21,0.21,0.21,0.21
TRAIN_2611,0.86,0.86,0.86,0.86
TRAIN_2612,0.64,0.53,0.54,0.54
TRAIN_2613,0.51,0.49,0.51,0.51
TRAIN_2614,0.85,0.43,0.42,0.44
TRAIN_2615,0.26,0.26,0.26,0.26
TRAIN_2616,0.92,0.92,0.92,0.92
TRAIN_2617,0.23,0.48,0.49,0.47
TRAIN_2618,0.16,0.59,0.54,0.56
TRAIN_2619,0.81,0.81,0.81,0.81
TRAIN_2620,0.01,0.01,0.01,0.01
TRAIN_2621,0.06,0.58,0.58,0.56
TRAIN_2622,0.57,0.57,0.57,0.57
TRAIN_2623,0.18,0.18,0.18,0.18
TRAIN_2624,0.62,0.62,0.62,0.54
TRAIN_2625,0.64,0.64,0.64,0.64
TRAIN_2626,0.95,0.95,0.95,0.95
TRAIN_2627,0.73,0.54,0.46,0.52
TRAIN_2628,0.23,0.41,0.43,0.49
TRAIN_2629,0.17,0.17,0.17,0.17
TRAIN_2630,0.24,0.24,0.24,0.52
TRAIN_2631,0.5,0.5,0.5,0.5
TRAIN_2632,0.46,0.46,0.46,0.55
TRAIN_2633,0.38,0.47,0.47,0.45
TRAIN_2634,0.4,0.4,0.4,0.4
TRAIN_2635,0.38,0.47,0.47,0.45
TRAIN_2636,0.22,0.22,0.22,0.45
TRAIN_2637,0.27,0.27,0.27,0.27
TRAIN_2638,0.27,0.59,0.54,0.53
TRAIN_2639,0.3,0.47,0.46,0.3
TRAIN_2640,0.96,0.43,0.42,0.43
TRAIN_2641,0.44,0.6,0.55,0.48
TRAIN_2642,0.54,0.52,0.5,0.5
TRAIN_2643,0.58,0.56,0.55,0.52
TRAIN_2644,0.1,0.1,0.1,0.1
TRAIN_2645,0.99,0.99,0.99,0.99
TRAIN_2646,0.77,0.77,0.77,0.77
TRAIN_2647,0.54,0.54,0.54,0.54
TRAIN_2648,0.54,0.49,0.54,0.52
TRAIN_2649,0.59,0.59,0.59,0.52
TRAIN_2650,0.73,0.73,0.46,0.73
TRAIN_2651,0.89,0.44,0.46,0.44
TRAIN_2652,0.06,0.06,0.06,0.06
TRAIN_2653,0.5,0.5,0.5,0.5
TRAIN_2654,0.88,0.52,0.88,0.52
TRAIN_2655,0.11,0.4,0.4,0.42
TRAIN_2656,0.85,0.85,0.53,0.5
TRAIN_2657,0.9,0.51,0.51,0.5
TRAIN_2658,0.19,0.19,0.19,0.19
TRAIN_2659,0.54,0.54,0.54,0.54
TRAIN_2660,0.86,0.56,0.53,0.53
TRAIN_2661,0.64,0.42,0.45,0.49
TRAIN_2662,0.03,0.54,0.57,0.51
TRAIN_2663,0.15,0.51,0.52,0.49
TRAIN_2664,0.04,0.04,0.04,0.04
TRAIN_2665,0.53,0.53,0.53,0.53
TRAIN_2666,0.45,0.45,0.45,0.45
TRAIN_2667,0.56,0.56,0.49,0.56
TRAIN_2668,0.21,0.21,0.21,0.21
TRAIN_2669,0.2,0.2,0.2,0.2
TRAIN_2670,0.87,0.59,0.61,0.57
TRAIN_2671,0.72,0.72,0.72,0.72
TRAIN_2672,0.21,0.48,0.43,0.43
TRAIN_2673,0.34,0.34,0.34,0.34
TRAIN_2674,0.85,0.58,0.85,0.85
TRAIN_2675,0.77,0.77,0.77,0.77
TRAIN_2676,0.7,0.58,0.58,0.58
TRAIN_2677,0.6,0.42,0.49,0.34
TRAIN_2678,0.69,0.69,0.69,0.44
TRAIN_2679,0.7,0.48,0.5,0.54
TRAIN_2680,0.99,0.6,0.99,0.99
TRAIN_2681,0.71,0.51,0.54,0.48
TRAIN_2682,0.18,0.4,0.42,0.18
TRAIN_2683,0.85,0.53,0.52,0.51
TRAIN_2684,0.92,0.63,0.64,0.61
TRAIN_2685,0.9,0.55,0.49,0.48
TRAIN_2686,0.62,0.44,0.46,0.46
TRAIN_2687,0.15,0.15,0.15,0.5
TRAIN_2688,0.18,0.51,0.48,0.49
TRAIN_2689,0.16,0.5,0.5,0.52
TRAIN_2690,0.27,0.48,0.48,0.48
TRAIN_2691,0.57,0.5,0.57,0.57
TRAIN_2692,0.26,0.26,0.26,0.26
TRAIN_2693,0.01,0.49,0.52,0.48
TRAIN_2694,0.49,0.49,0.49,0.49
TRAIN_2695,0.36,0.56,0.58,0.55
TRAIN_2696,0.98,0.54,0.59,0.53
TRAIN_2697,0.38,0.38,0.38,0.48
TRAIN_2698,0.63,0.63,0.63,0.63
TRAIN_2699,0.97,0.97,0.45,0.97
TRAIN_2700,0.75,0.75,0.75,0.75
TRAIN_2701,0.46,0.49,0.51,0.53
TRAIN_2702,0.45,0.51,0.53,0.52
TRAIN_2703,0.19,0.19,0.19,0.19
TRAIN_2704,0.58,0.48,0.52,0.48
TRAIN_2705,0.0,0.56,0.56,0.54
TRAIN_2706,0.23,0.55,0.59,0.58
TRAIN_2707,0.77,0.64,0.58,0.56
TRAIN_2708,0.12,0.54,0.48,0.48
TRAIN_2709,0.49,0.49,0.49,0.49
TRAIN_2710,0.6,0.6,0.6,0.6
TRAIN_2711,0.47,0.51,0.47,0.47
TRAIN_2712,0.54,0.54,0.54,0.54
TRAIN_2713,0.79,0.61,0.56,0.59
TRAIN_2714,0.22,0.22,0.22,0.6
TRAIN_2715,0.09,0.09,0.09,0.49
TRAIN_2716,0.25,0.59,0.58,0.59
TRAIN_2717,0.55,0.55,0.52,0.55
TRAIN_2718,0.26,0.46,0.52,0.43
TRAIN_2719,0.28,0.48,0.47,0.5
TRAIN_2720,0.76,0.51,0.52,0.53
TRAIN_2721,0.08,0.08,0.08,0.08
TRAIN_2722,0.8,0.8,0.8,0.8
TRAIN_2723,0.14,0.14,0.14,0.14
TRAIN_2724,0.13,0.13,0.13,0.13
TRAIN_2725,0.34,0.34,0.34,0.34
TRAIN_2726,0.43,0.64,0.64,0.6
TRAIN_2727,0.85,0.5,0.5,0.54
TRAIN_2728,0.44,0.44,0.44,0.47
TRAIN_2729,0.12,0.5,0.55,0.57
TRAIN_2730,0.84,0.58,0.56,0.55
TRAIN_2731,0.96,0.43,0.45,0.42
TRAIN_2732,0.08,0.38,0.38,0.43
TRAIN_2733,0.93,0.93,0.53,0.93
TRAIN_2734,0.23,0.48,0.48,0.48
TRAIN_2735,0.99,0.53,0.53,0.5
TRAIN_2736,0.2,0.2,0.2,0.2
TRAIN_2737,0.52,0.52,0.52,0.52
TRAIN_2738,0.19,0.19,0.19,0.44
TRAIN_2739,0.19,0.56,0.54,0.5
TRAIN_2740,1.0,1.0,1.0,1.0
TRAIN_2741,0.23,0.57,0.57,0.51
TRAIN_2742,0.19,0.19,0.19,0.19
TRAIN_2743,0.25,0.52,0.54,0.55
TRAIN_2744,0.75,0.53,0.75,0.75
TRAIN_2745,0.8,0.5,0.8,0.8
TRAIN_2746,0.51,0.53,0.53,0.51
TRAIN_2747,0.02,0.02,0.02,0.02
TRAIN_2748,0.99,0.53,0.6,0.62
TRAIN_2749,0.54,0.45,0.45,0.53
TRAIN_2750,0.28,0.28,0.28,0.28
TRAIN_2751,0.71,0.71,0.71,0.71
TRAIN_2752,0.54,0.51,0.5,0.49
TRAIN_2753,0.83,0.51,0.46,0.46
TRAIN_2754,0.69,0.54,0.46,0.5
TRAIN_2755,1.0,0.5,0.52,0.47
TRAIN_2756,0.77,0.77,0.77,0.77
TRAIN_2757,0.57,0.31,0.57,0.57
TRAIN_2758,0.75,0.57,0.59,0.56
TRAIN_2759,0.26,0.41,0.37,0.4
TRAIN_2760,0.82,0.56,0.54,0.52
TRAIN_2761,0.5,0.52,0.44,0.53
TRAIN_2762,0.34,0.34,0.34,0.34
TRAIN_2763,0.14,0.48,0.47,0.46
TRAIN_2764,0.29,0.29,0.29,0.29
TRAIN_2765,0.25,0.25,0.25,0.25
TRAIN_2766,0.51,0.44,0.48,0.48
TRAIN_2767,0.82,0.51,0.51,0.51
TRAIN_2768,0.28,0.48,0.51,0.51
TRAIN_2769,0.01,0.61,0.55,0.66
TRAIN_2770,0.74,0.52,0.52,0.5
TRAIN_2771,0.31,0.58,0.55,0.53
TRAIN_2772,0.75,0.75,0.75,0.75
TRAIN_2773,0.87,0.48,0.87,0.49
TRAIN_2774,0.13,0.45,0.47,0.49
TRAIN_2775,0.06,0.06,0.47,0.06
TRAIN_2776,0.43,0.49,0.49,0.43
TRAIN_2777,0.68,0.51,0.46,0.5
TRAIN_2778,0.36,0.49,0.55,0.52
TRAIN_2779,0.71,0.71,0.71,0.71
TRAIN_2780,0.2,0.54,0.52,0.55
TRAIN_2781,0.9,0.9,0.9,0.47
TRAIN_2782,0.28,0.46,0.51,0.46
TRAIN_2783,0.87,0.48,0.45,0.49
TRAIN_2784,0.96,0.47,0.47,0.47
TRAIN_2785,0.9,0.9,0.9,0.49
TRAIN_2786,0.42,0.42,0.42,0.43
TRAIN_2787,0.02,0.02,0.02,0.48
TRAIN_2788,0.59,0.45,0.45,0.49
TRAIN_2789,0.98,0.48,0.5,0.98
TRAIN_2790,0.16,0.49,0.52,0.5
TRAIN_2791,0.46,0.51,0.56,0.46
TRAIN_2792,0.4,0.53,0.49,0.55
TRAIN_2793,0.22,0.41,0.49,0.43
TRAIN_2794,0.11,0.52,0.51,0.49
TRAIN_2795,0.12,0.5,0.48,0.48
TRAIN_2796,0.46,0.46,0.46,0.46
TRAIN_2797,0.84,0.52,0.53,0.49
TRAIN_2798,0.73,0.73,0.73,0.73
TRAIN_2799,0.16,0.45,0.53,0.5
TRAIN_2800,0.2,0.2,0.2,0.2
TRAIN_2801,0.83,0.41,0.83,0.83
TRAIN_2802,0.03,0.56,0.53,0.55
TRAIN_2803,0.23,0.46,0.45,0.52
TRAIN_2804,0.07,0.07,0.07,0.07
TRAIN_2805,0.77,0.45,0.5,0.49
TRAIN_2806,0.42,0.52,0.38,0.53
TRAIN_2807,0.01,0.01,0.01,0.01
TRAIN_2808,0.07,0.07,0.07,0.07
TRAIN_2809,0.93,0.51,0.51,0.53
TRAIN_2810,0.6,0.42,0.42,0.46
TRAIN_2811,0.6,0.5,0.48,0.51
TRAIN_2812,0.45,0.45,0.45,0.45
TRAIN_2813,0.85,0.85,0.47,0.85
TRAIN_2814,0.75,0.75,0.75,0.75
TRAIN_2815,0.97,0.45,0.48,0.46
TRAIN_2816,0.38,0.41,0.44,0.39
TRAIN_2817,0.7,0.55,0.52,0.54
TRAIN_2818,0.48,0.51,0.41,0.41
TRAIN_2819,0.48,0.53,0.53,0.53
TRAIN_2820,0.77,0.47,0.46,0.39
TRAIN_2821,0.55,0.51,0.49,0.56
TRAIN_2822,0.78,0.78,0.78,0.78
TRAIN_2823,0.25,0.41,0.45,0.46
TRAIN_2824,0.74,0.59,0.74,0.57
TRAIN_2825,0.48,0.48,0.5,0.48
TRAIN_2826,0.16,0.16,0.57,0.16
TRAIN_2827,0.99,0.49,0.5,0.5
TRAIN_2828,0.62,0.58,0.62,0.62
TRAIN_2829,0.87,0.55,0.43,0.52
TRAIN_2830,0.92,0.58,0.56,0.57
TRAIN_2831,0.41,0.52,0.55,0.56
TRAIN_2832,0.33,0.33,0.33,0.33
TRAIN_2833,0.26,0.26,0.5,0.26
TRAIN_2834,0.74,0.53,0.53,0.53
TRAIN_2835,0.4,0.4,0.4,0.47
TRAIN_2836,0.95,0.53,0.52,0.53
TRAIN_2837,0.02,0.55,0.02,0.02
TRAIN_2838,0.27,0.27,0.59,0.27
TRAIN_2839,0.36,0.36,0.56,0.36
TRAIN_2840,0.75,0.5,0.46,0.48
TRAIN_2841,0.12,0.43,0.48,0.48
TRAIN_2842,0.74,0.74,0.74,0.74
TRAIN_2843,0.31,0.49,0.31,0.31
TRAIN_2844,0.88,0.88,0.88,0.88
TRAIN_2845,0.24,0.24,0.48,0.24
TRAIN_2846,0.59,0.59,0.59,0.59
TRAIN_2847,0.63,0.43,0.47,0.49
TRAIN_2848,0.47,0.47,0.47,0.47
TRAIN_2849,0.43,0.53,0.54,0.53
TRAIN_2850,0.23,0.45,0.23,0.23
TRAIN_2851,0.78,0.47,0.49,0.43
TRAIN_2852,0.69,0.44,0.37,0.4
TRAIN_2853,0.35,0.49,0.55,0.5
TRAIN_2854,0.23,0.23,0.23,0.23
TRAIN_2855,0.75,0.75,0.75,0.75
TRAIN_2856,0.18,0.18,0.18,0.18
TRAIN_2857,0.03,0.03,0.03,0.03
TRAIN_2858,0.99,0.59,0.42,0.35
TRAIN_2859,0.88,0.55,0.57,0.54
TRAIN_2860,0.24,0.52,0.24,0.47
TRAIN_2861,0.19,0.19,0.19,0.19
TRAIN_2862,0.43,0.43,0.43,0.43
TRAIN_2863,0.65,0.49,0.49,0.51
TRAIN_2864,0.4,0.4,0.4,0.4
TRAIN_2865,0.48,0.54,0.55,0.58
TRAIN_2866,0.59,0.5,0.5,0.5
TRAIN_2867,0.11,0.42,0.43,0.45
TRAIN_2868,0.88,0.5,0.59,0.57
TRAIN_2869,1.0,1.0,1.0,1.0
TRAIN_2870,0.27,0.57,0.53,0.58
TRAIN_2871,0.07,0.07,0.07,0.47
TRAIN_2872,0.93,0.93,0.52,0.93
TRAIN_2873,0.16,0.16,0.16,0.16
TRAIN_2874,0.92,0.44,0.39,0.39
TRAIN_2875,0.67,0.48,0.55,0.54
TRAIN_2876,0.13,0.5,0.48,0.44
TRAIN_2877,0.97,0.97,0.97,0.97
TRAIN_2878,0.7,0.49,0.47,0.47
TRAIN_2879,0.84,0.48,0.51,0.55
TRAIN_2880,0.26,0.52,0.49,0.52
TRAIN_2881,0.02,0.54,0.02,0.02
TRAIN_2882,0.88,0.45,0.46,0.45
TRAIN_2883,0.0,0.0,0.0,0.0
TRAIN_2884,0.16,0.16,0.16,0.52
TRAIN_2885,0.21,0.21,0.21,0.21
TRAIN_2886,0.91,0.53,0.54,0.54
TRAIN_2887,0.95,0.56,0.55,0.54
TRAIN_2888,0.03,0.49,0.03,0.03
TRAIN_2889,0.68,0.48,0.52,0.5
TRAIN_2890,0.82,0.53,0.82,0.82
TRAIN_2891,0.09,0.09,0.09,0.48
TRAIN_2892,1.0,0.55,0.55,0.47
TRAIN_2893,0.48,0.62,0.48,0.48
TRAIN_2894,0.84,0.84,0.84,0.84
TRAIN_2895,0.02,0.58,0.02,0.02
TRAIN_2896,0.37,0.52,0.54,0.37
TRAIN_2897,0.74,0.49,0.74,0.74
TRAIN_2898,0.27,0.27,0.27,0.63
TRAIN_2899,0.33,0.33,0.33,0.33
TRAIN_2900,0.14,0.14,0.14,0.14
TRAIN_2901,0.44,0.44,0.44,0.53
TRAIN_2902,0.7,0.42,0.7,0.7
TRAIN_2903,0.13,0.13,0.13,0.13
TRAIN_2904,0.14,0.53,0.55,0.55
TRAIN_2905,0.18,0.5,0.18,0.18
TRAIN_2906,0.75,0.47,0.46,0.75
TRAIN_2907,0.65,0.56,0.58,0.58
TRAIN_2908,0.96,0.96,0.96,0.96
TRAIN_2909,0.43,0.43,0.43,0.43
TRAIN_2910,0.38,0.38,0.38,0.38
TRAIN_2911,0.33,0.46,0.56,0.59
TRAIN_2912,0.19,0.19,0.19,0.43
TRAIN_2913,0.91,0.91,0.52,0.5
TRAIN_2914,0.33,0.48,0.51,0.5
TRAIN_2915,0.93,0.48,0.93,0.93
TRAIN_2916,0.08,0.24,0.24,0.23
TRAIN_2917,0.53,0.53,0.53,0.57
TRAIN_2918,0.87,0.49,0.87,0.49
TRAIN_2919,0.72,0.52,0.49,0.54
TRAIN_2920,0.9,0.9,0.9,0.9
TRAIN_2921,0.82,0.52,0.53,0.53
TRAIN_2922,0.18,0.18,0.18,0.48
TRAIN_2923,0.63,0.49,0.51,0.52
TRAIN_2924,0.76,0.76,0.76,0.54
TRAIN_2925,0.6,0.57,0.51,0.49
TRAIN_2926,0.27,0.27,0.27,0.57
TRAIN_2927,0.75,0.5,0.75,0.75
TRAIN_2928,0.02,0.46,0.51,0.5
TRAIN_2929,0.84,0.52,0.55,0.56
TRAIN_2930,0.26,0.35,0.43,0.38
TRAIN_2931,0.51,0.49,0.51,0.51
TRAIN_2932,0.16,0.16,0.16,0.16
TRAIN_2933,0.65,0.48,0.49,0.49
TRAIN_2934,0.82,0.82,0.47,0.82
TRAIN_2935,0.64,0.64,0.64,0.64
TRAIN_2936,0.88,0.55,0.53,0.55
TRAIN_2937,0.83,0.54,0.54,0.56
TRAIN_2938,0.45,0.49,0.5,0.49
TRAIN_2939,0.72,0.53,0.53,0.57
TRAIN_2940,0.2,0.52,0.47,0.45
TRAIN_2941,0.05,0.6,0.05,0.05
TRAIN_2942,0.17,0.17,0.17,0.17
TRAIN_2943,0.23,0.5,0.55,0.54
TRAIN_2944,0.22,0.6,0.61,0.6
TRAIN_2945,0.04,0.55,0.57,0.52
TRAIN_2946,0.16,0.16,0.16,0.16
TRAIN_2947,0.16,0.52,0.53,0.52
TRAIN_2948,0.15,0.57,0.49,0.56
TRAIN_2949,0.19,0.19,0.19,0.2
TRAIN_2950,0.03,0.03,0.49,0.03
TRAIN_2951,0.18,0.18,0.18,0.54
TRAIN_2952,0.0,0.0,0.0,0.0
TRAIN_2953,0.07,0.38,0.36,0.37
TRAIN_2954,0.03,0.49,0.53,0.47
TRAIN_2955,0.24,0.24,0.24,0.24
TRAIN_2956,0.11,0.11,0.11,0.11
TRAIN_2957,0.0,0.51,0.51,0.51
TRAIN_2958,0.1,0.1,0.1,0.45
TRAIN_2959,0.13,0.38,0.38,0.38
TRAIN_2960,0.15,0.15,0.15,0.15
TRAIN_2961,0.09,0.47,0.55,0.49
TRAIN_2962,0.23,0.47,0.44,0.48
TRAIN_2963,0.0,0.0,0.0,0.0
TRAIN_2964,0.16,0.49,0.51,0.47
TRAIN_2965,0.02,0.46,0.54,0.47
TRAIN_2966,0.01,0.46,0.53,0.47
TRAIN_2967,0.12,0.58,0.58,0.63
TRAIN_2968,0.14,0.14,0.14,0.14
TRAIN_2969,0.08,0.56,0.08,0.08
TRAIN_2970,0.16,0.43,0.46,0.45
TRAIN_2971,0.15,0.15,0.15,0.15
TRAIN_2972,0.17,0.39,0.38,0.38
TRAIN_2973,0.02,0.02,0.02,0.02
TRAIN_2974,0.04,0.54,0.59,0.56
TRAIN_2975,0.15,0.58,0.53,0.59
TRAIN_2976,0.07,0.07,0.5,0.48
TRAIN_2977,0.17,0.46,0.46,0.46
TRAIN_2978,0.24,0.24,0.24,0.24
TRAIN_2979,0.17,0.45,0.17,0.17
TRAIN_2980,0.16,0.6,0.64,0.63
TRAIN_2981,0.08,0.08,0.08,0.08
TRAIN_2982,0.11,0.51,0.11,0.11
TRAIN_2983,0.02,0.46,0.02,0.02
TRAIN_2984,0.04,0.42,0.48,0.45
TRAIN_2985,0.03,0.51,0.48,0.48
TRAIN_2986,0.07,0.07,0.07,0.07
TRAIN_2987,0.08,0.53,0.54,0.54
TRAIN_2988,0.13,0.13,0.44,0.43
TRAIN_2989,0.14,0.14,0.14,0.14
TRAIN_2990,0.09,0.43,0.42,0.46
TRAIN_2991,0.12,0.12,0.12,0.12
TRAIN_2992,0.16,0.58,0.16,0.16
TRAIN_2993,0.08,0.49,0.52,0.51
TRAIN_2994,0.04,0.36,0.44,0.37
TRAIN_2995,0.02,0.51,0.51,0.52
TRAIN_2996,0.16,0.16,0.16,0.16
TRAIN_2997,0.16,0.16,0.16,0.16
TRAIN_2998,0.18,0.52,0.49,0.5
TRAIN_2999,0.04,0.48,0.04,0.04
