n_bins,bin_weight,categorical_weight,C,gamma,screen_MAE,fold_std
4,1.3,7.0,5.0,0.018,0.15603258770803133,0.00803909029794783
4,1.3,6.0,5.0,0.018,0.15609053486964058,0.008030346559280756
4,1.0,6.0,5.0,0.022,0.15614471891177548,0.008010875507873971
4,1.0,7.0,5.0,0.022,0.15622334726298204,0.007958255830266565
4,1.0,6.0,5.0,0.025,0.15628524674725816,0.007747803475021935
4,1.6,7.0,5.0,0.018,0.15629901072072377,0.007631688522751353
4,1.0,5.0,5.0,0.022,0.15631583478428768,0.00794253472638392
4,1.0,5.0,5.0,0.025,0.15631620045114566,0.007731616516621034
4,1.3,6.0,5.0,0.022,0.15632334547215948,0.007628965099472494
4,1.6,6.0,5.0,0.018,0.15633083148377053,0.007602404821865085
4,1.0,7.0,5.0,0.025,0.1563602447312868,0.007707268468981014
4,1.3,7.0,5.0,0.022,0.1563655654802201,0.007625270746786866
4,1.0,7.0,5.0,0.018,0.15637899499883892,0.008376198581500113
4,1.3,5.0,5.0,0.018,0.15643855449402855,0.00782242056907959
4,1.3,5.0,5.0,0.022,0.15644948483746626,0.007541729313620144
4,1.0,6.0,5.0,0.018,0.15645911114618202,0.00840156595411723
4,0.7,6.0,5.0,0.025,0.15646162545621478,0.008049559242486999
4,0.7,5.0,5.0,0.028,0.15646317301409407,0.007865897964423663
4,0.7,6.0,5.0,0.028,0.15651167462139426,0.007830366721273144
4,1.0,5.0,5.0,0.028,0.15652805121391772,0.007533265888699125
4,0.7,5.0,5.0,0.025,0.15653145464339466,0.00805268200776225
4,1.0,6.0,5.0,0.028,0.15656500769159473,0.007535792251991659
4,0.7,7.0,5.0,0.025,0.15656790688079533,0.007995203184162752
4,1.6,5.0,5.0,0.018,0.1565922356498792,0.007405572542384799
4,0.7,5.0,5.0,0.032,0.15660646052291588,0.007613040956051743
4,0.7,7.0,5.0,0.028,0.156609358603222,0.007775020627516552
4,1.0,7.0,5.0,0.028,0.15664848221455452,0.007511280762667168
4,0.7,6.0,5.0,0.022,0.15669987522526221,0.008314401813562557
4,0.7,6.0,5.0,0.032,0.15672030522096042,0.007578729323083681
4,1.0,4.0,5.0,0.025,0.15673632549228345,0.007447504989694252
4,1.3,6.0,5.0,0.025,0.15676098542594058,0.007367979131902293
4,0.7,7.0,5.0,0.022,0.15676231324418258,0.008240005137240467
4,1.3,5.0,5.0,0.025,0.15676579308722213,0.007317067334113263
4,0.7,4.0,5.0,0.028,0.15677129363604997,0.007652906902740844
4,0.7,4.0,5.0,0.032,0.15678357131391252,0.007503120819654531
4,1.0,4.0,5.0,0.028,0.1568110141361899,0.007325477685306912
4,0.7,7.0,5.0,0.032,0.156818852079188,0.007536797418901709
4,1.3,7.0,5.0,0.025,0.15681957779729128,0.00737664436468302
4,1.0,5.0,5.0,0.018,0.15686610191935113,0.00819570225130726
4,1.3,4.0,5.0,0.022,0.15691286241148328,0.007191158880123772
4,0.7,5.0,5.0,0.022,0.15692198663843285,0.008217122491863233
4,1.0,4.0,5.0,0.022,0.1569437917104395,0.007540223689351173
4,1.0,5.0,5.0,0.032,0.15702789992556165,0.007260919107422935
4,0.7,4.0,5.0,0.025,0.15703057308087298,0.007727161068660706
4,1.3,4.0,5.0,0.025,0.15707738774109312,0.007080428866133719
4,1.6,6.0,5.0,0.022,0.15708080335264593,0.007229291234939217
4,1.0,6.0,5.0,0.032,0.1571045539984021,0.007278937252235311
4,1.6,5.0,5.0,0.022,0.15712466397105448,0.007145010865818284
4,1.6,7.0,5.0,0.022,0.15712881479851676,0.0072619916752201235
4,1.0,4.0,5.0,0.032,0.15714355512269892,0.007127369266797197
4,1.6,4.0,5.0,0.018,0.15715114355304624,0.007004614710283634
4,1.0,7.0,5.0,0.032,0.15717328196458805,0.007271683055042551
4,1.3,4.0,5.0,0.018,0.15719873988099597,0.007315717342797689
4,1.3,5.0,5.0,0.028,0.1573031813883378,0.007123463659083378
4,1.3,6.0,5.0,0.028,0.1573590739251206,0.007175080682328949
4,1.6,4.0,5.0,0.022,0.15741336977273954,0.00689387345393482
4,1.3,7.0,5.0,0.028,0.15741831959897115,0.007187450908759569
4,0.7,7.0,5.0,0.018,0.15744413442761993,0.008646801425822172
4,1.3,4.0,5.0,0.028,0.1574461200688553,0.006938742616498243
4,0.7,6.0,5.0,0.018,0.15754226786462103,0.008647426495384655
4,0.7,4.0,5.0,0.022,0.1576083536267199,0.007771944772068189
4,1.0,4.0,5.0,0.018,0.15779730480733042,0.007610239325549913
4,1.6,5.0,5.0,0.025,0.15784103668897315,0.0069520529392516715
4,1.6,6.0,5.0,0.025,0.15786129784220074,0.007021518918461176
4,1.6,7.0,5.0,0.025,0.15791011194714233,0.007037719418257552
4,1.6,4.0,5.0,0.025,0.1579808124558331,0.00675938733404819
4,0.7,5.0,5.0,0.018,0.15800975257287472,0.008383258633916214
4,1.3,5.0,5.0,0.032,0.15818970645854966,0.0069227501821878795
4,1.3,4.0,5.0,0.032,0.15820769477293728,0.006793488388013296
4,1.3,6.0,5.0,0.032,0.15824839867495352,0.00695837394792971
4,1.3,7.0,5.0,0.032,0.15829296166149714,0.006967129820081748
4,1.6,5.0,5.0,0.028,0.15868489165945435,0.006799260920847384
4,1.6,6.0,5.0,0.028,0.15871185142169064,0.006856828271846923
4,1.6,4.0,5.0,0.028,0.15871952368370862,0.006659716956718595
4,1.6,7.0,5.0,0.028,0.1587550941262208,0.006872331819822037
4,0.7,4.0,5.0,0.018,0.15902582443091767,0.0077661718068288985
4,1.6,4.0,5.0,0.032,0.15983429905102473,0.0065574702015370875
4,1.6,5.0,5.0,0.032,0.1598523238824223,0.006660756473570114
4,1.6,6.0,5.0,0.032,0.1598957111204426,0.006704386552498081
4,1.6,7.0,5.0,0.032,0.1599273264925259,0.006720690840441108
