scheme,C,gamma,mean_MAE,worst_seed_MAE,fold_std,seed_42,seed_77,seed_2026,wins_vs_v4
literature_age,2.0,0.14,0.1689530130050082,0.1700149071726121,0.005849459747096776,0.1700149071726121,0.16775088720877857,0.16909324463363395,2
literature_age,1.0,0.14,0.16896397155131884,0.17006240143787796,0.005826041708076543,0.17006240143787796,0.1677427976952026,0.16908671552087595,2
literature_light,1.0,0.14,0.1691762671221686,0.17030031254304365,0.0058478303375264756,0.17030031254304365,0.16794956113568318,0.169278927687779,2
literature_light,2.0,0.14,0.1691982155815992,0.17028989056247465,0.005872341665272646,0.17028989056247465,0.16796411663619126,0.1693406395461317,2
none,1.0,0.14,0.17004696801607835,0.1709395618085718,0.005979139203535972,0.1709395618085718,0.16902313319138473,0.17017820904827854,1
none,2.0,0.14,0.17004793923153397,0.17088097592149362,0.006015529007914487,0.17088097592149362,0.16904116997739485,0.17022167179571346,1
tree_signal,2.0,0.1,0.17238562139561353,0.17352993208462136,0.006023629367616279,0.17352993208462136,0.17121046038543053,0.1724164717167887,0
tree_signal,1.0,0.1,0.1724459625949133,0.1736076782772327,0.006050913184865871,0.1736076782772327,0.17128229287978491,0.1724479166277223,0
balanced_signal,2.0,0.1,0.17413458126771522,0.1749344368237824,0.006014983645112992,0.1749344368237824,0.1729640750781945,0.17450523190116876,0
balanced_signal,1.0,0.1,0.17420550989789244,0.1750879223645559,0.006012373114719311,0.1750879223645559,0.17304563674768977,0.17448297058143164,0
