C,gamma,screen_MAE,fold_std
3.0,0.08,0.16326204630755198,0.005696529757724463
5.0,0.08,0.1632624252055463,0.005693612418179413
2.0,0.08,0.16327626620427158,0.005705444322776976
1.5,0.08,0.16328827951551467,0.0057162943868899535
1.0,0.08,0.16333357245170999,0.0057299152601142656
5.0,0.07,0.16335145543037735,0.005535018711347264
3.0,0.07,0.16335439796147067,0.00554195815986386
2.0,0.07,0.16335833302461025,0.0055630877877266465
1.5,0.07,0.16336078391101683,0.00557409877105468
1.0,0.07,0.16336223626721566,0.005591098493175074
0.7,0.08,0.16351485975689012,0.005830474872185338
5.0,0.09,0.1636072503007389,0.005721373110836064
3.0,0.09,0.16361038131782651,0.005726689077276112
2.0,0.09,0.1636168507309209,0.005731668980365614
1.5,0.09,0.16362483254533336,0.005732444777997746
1.0,0.09,0.16364805908174723,0.005746832373330008
0.7,0.09,0.1637491976832379,0.005810092861846391
0.7,0.07,0.16378970193272754,0.0057631137639803385
2.0,0.06,0.16398285165371163,0.005331598895371973
5.0,0.06,0.16398444036991827,0.005282280507625837
3.0,0.06,0.16399039241882377,0.005303255110705874
1.5,0.06,0.16401163373303007,0.0053487912477048006
1.0,0.06,0.16405843740981352,0.005397838391373867
0.7,0.06,0.16493562022970334,0.005500851656941595
1.5,0.05,0.16537741189929492,0.005276212730357356
3.0,0.05,0.16541155834730228,0.0052413749624705165
5.0,0.05,0.16542542859111345,0.005193552962895576
2.0,0.05,0.16542844626497408,0.005262264151392509
1.0,0.05,0.1658172947102405,0.005437406629335572
0.7,0.05,0.16776911124884844,0.005184174993669506
2.0,0.04,0.1681345794329917,0.005378381779613553
3.0,0.04,0.16821430499743717,0.005309038137090151
5.0,0.04,0.16825247921037265,0.005220654498609613
1.5,0.04,0.16837545898762346,0.0054525813672225455
1.0,0.04,0.16982190484641438,0.005304822748236166
0.7,0.04,0.17386870136774601,0.0048463070279313476
