strategy,n_bins,bin_weight,binned_columns,binned_feature_count,C,gamma,screen_MAE,fold_std
quantile,4,1.3,age|bmi|cholesterol|cholesterol_glucose_ratio|glucose|height|metabolic_product|weight,8,5.0,0.025,0.15506479113084712,0.007756401246540236
kmeans,5,1.3,age|bmi|cholesterol|cholesterol_glucose_ratio|glucose|height|metabolic_product|weight,8,5.0,0.025,0.15517956256184637,0.007843173234465017
quantile,4,1.3,age|bmi|cholesterol|cholesterol_glucose_ratio|glucose|height|metabolic_product|weight,8,5.0,0.03,0.15521904048858928,0.007507958061327859
quantile,5,1.3,age|bmi|cholesterol|cholesterol_glucose_ratio|glucose|height|metabolic_product|weight,8,5.0,0.025,0.15531260907373734,0.007570635330697159
quantile,4,1.3,age|bmi|cholesterol|cholesterol_glucose_ratio|glucose|height|metabolic_product|weight,8,5.0,0.02,0.15532220554381498,0.00804837392798705
kmeans,5,1.3,age|bmi|cholesterol|cholesterol_glucose_ratio|glucose|height|metabolic_product|weight,8,5.0,0.03,0.15538879024756588,0.007583668244116624
kmeans,5,1.3,age|bmi|cholesterol|cholesterol_glucose_ratio|glucose|height|metabolic_product|weight,8,5.0,0.02,0.15544437876103112,0.008173995373687522
kmeans,4,1.3,age|bmi|cholesterol|cholesterol_glucose_ratio|glucose|height|metabolic_product|weight,8,5.0,0.025,0.1554475846286116,0.007646894495340433
quantile,5,1.3,age|bmi|cholesterol|cholesterol_glucose_ratio|glucose|height|metabolic_product|weight,8,5.0,0.03,0.15551445789270782,0.007314838182044176
quantile,5,1.3,age|bmi|cholesterol|cholesterol_glucose_ratio|glucose|height|metabolic_product|weight,8,5.0,0.02,0.15551467153182627,0.007894261033167817
uniform,4,1.3,age|bmi|cholesterol|cholesterol_glucose_ratio|glucose|height|metabolic_product|weight,8,5.0,0.025,0.15551869128401882,0.007935635936385596
quantile,3,1.3,age|bmi|cholesterol|cholesterol_glucose_ratio|glucose|height|metabolic_product|weight,8,5.0,0.03,0.15553340119998427,0.007754882445785209
kmeans,4,1.3,age|bmi|cholesterol|cholesterol_glucose_ratio|glucose|height|metabolic_product|weight,8,5.0,0.03,0.15557294298196367,0.007360766112573292
quantile,3,1.3,age|bmi|cholesterol|cholesterol_glucose_ratio|glucose|height|metabolic_product|weight,8,5.0,0.025,0.15560852274006562,0.008082555676622544
uniform,4,1.3,age|bmi|cholesterol|cholesterol_glucose_ratio|glucose|height|metabolic_product|weight,8,5.0,0.03,0.15561986130183492,0.007621745451515808
quantile,4,1.0,age|bmi|cholesterol|cholesterol_glucose_ratio|glucose|height|metabolic_product|weight,8,5.0,0.03,0.15577175078034597,0.007612358216712193
uniform,5,1.3,age|bmi|cholesterol|cholesterol_glucose_ratio|glucose|height|metabolic_product|weight,8,5.0,0.025,0.15578763052643652,0.0076789305188894735
quantile,4,1.0,age|bmi|cholesterol|cholesterol_glucose_ratio|glucose|height|metabolic_product|weight,8,5.0,0.025,0.15579720136931516,0.00784431343328978
kmeans,4,1.3,age|bmi|cholesterol|cholesterol_glucose_ratio|glucose|height|metabolic_product|weight,8,5.0,0.02,0.15580436311714632,0.008014096663821316
kmeans,5,1.0,age|bmi|cholesterol|cholesterol_glucose_ratio|glucose|height|metabolic_product|weight,8,5.0,0.03,0.15584901716879704,0.007670030257943194
kmeans,5,1.0,age|bmi|cholesterol|cholesterol_glucose_ratio|glucose|height|metabolic_product|weight,8,5.0,0.025,0.15589236703749831,0.007899114446719988
uniform,5,1.3,age|bmi|cholesterol|cholesterol_glucose_ratio|glucose|height|metabolic_product|weight,8,5.0,0.03,0.15592384063436301,0.007399915113471456
kmeans,3,1.3,age|bmi|cholesterol|cholesterol_glucose_ratio|glucose|height|metabolic_product|weight,8,5.0,0.03,0.15595132150895796,0.007521898532677766
quantile,5,1.0,age|bmi|cholesterol|cholesterol_glucose_ratio|glucose|height|metabolic_product|weight,8,5.0,0.025,0.15596109376860512,0.0077397090155019626
uniform,4,1.3,age|bmi|cholesterol|cholesterol_glucose_ratio|glucose|height|metabolic_product|weight,8,5.0,0.02,0.1559615036301277,0.008293310939812365
quantile,5,1.0,age|bmi|cholesterol|cholesterol_glucose_ratio|glucose|height|metabolic_product|weight,8,5.0,0.03,0.15596809162528066,0.007479736930413148
kmeans,3,1.3,age|bmi|cholesterol|cholesterol_glucose_ratio|glucose|height|metabolic_product|weight,8,5.0,0.025,0.15598066601833982,0.007788937573274155
kmeans,4,1.0,age|bmi|cholesterol|cholesterol_glucose_ratio|glucose|height|metabolic_product|weight,8,5.0,0.03,0.15607973918234397,0.0075084714469207305
quantile,3,1.3,age|bmi|cholesterol|cholesterol_glucose_ratio|glucose|height|metabolic_product|weight,8,5.0,0.02,0.1561036023167484,0.00848134999745108
uniform,4,1.0,age|bmi|cholesterol|cholesterol_glucose_ratio|glucose|height|metabolic_product|weight,8,5.0,0.03,0.15610507631902315,0.007703777820733903
kmeans,4,1.0,age|bmi|cholesterol|cholesterol_glucose_ratio|glucose|height|metabolic_product|weight,8,5.0,0.025,0.15617539948902717,0.007764591661006747
quantile,3,1.0,age|bmi|cholesterol|cholesterol_glucose_ratio|glucose|height|metabolic_product|weight,8,5.0,0.03,0.15617696478604842,0.007852981469178904
uniform,5,1.3,age|bmi|cholesterol|cholesterol_glucose_ratio|glucose|height|metabolic_product|weight,8,5.0,0.02,0.15623584180552397,0.008000122539029158
uniform,4,1.0,age|bmi|cholesterol|cholesterol_glucose_ratio|glucose|height|metabolic_product|weight,8,5.0,0.025,0.15624569873738925,0.007975171986192062
uniform,3,1.3,age|bmi|cholesterol|cholesterol_glucose_ratio|glucose|height|metabolic_product|weight,8,5.0,0.03,0.15628876042365858,0.007583880034626198
quantile,4,1.0,age|bmi|cholesterol|cholesterol_glucose_ratio|glucose|height|metabolic_product|weight,8,5.0,0.02,0.15633348882288667,0.008155353964026087
uniform,3,1.3,age|bmi|cholesterol|cholesterol_glucose_ratio|glucose|height|metabolic_product|weight,8,5.0,0.025,0.1563379327018964,0.007745330305013074
uniform,5,1.0,age|bmi|cholesterol|cholesterol_glucose_ratio|glucose|height|metabolic_product|weight,8,5.0,0.03,0.1563387968734934,0.007566238925337302
quantile,3,1.0,age|bmi|cholesterol|cholesterol_glucose_ratio|glucose|height|metabolic_product|weight,8,5.0,0.025,0.15637129488994908,0.008136191667567873
kmeans,5,1.0,age|bmi|cholesterol|cholesterol_glucose_ratio|glucose|height|metabolic_product|weight,8,5.0,0.02,0.15644834420426104,0.008262317511286693
uniform,5,1.0,age|bmi|cholesterol|cholesterol_glucose_ratio|glucose|height|metabolic_product|weight,8,5.0,0.025,0.15645690828213646,0.00780986288508596
kmeans,3,1.3,age|bmi|cholesterol|cholesterol_glucose_ratio|glucose|height|metabolic_product|weight,8,5.0,0.02,0.1564627694678671,0.00812125801527678
kmeans,3,1.0,age|bmi|cholesterol|cholesterol_glucose_ratio|glucose|height|metabolic_product|weight,8,5.0,0.03,0.15646282795955213,0.007675173147401472
quantile,5,1.0,age|bmi|cholesterol|cholesterol_glucose_ratio|glucose|height|metabolic_product|weight,8,5.0,0.02,0.15647412822021145,0.008066774698975765
kmeans,3,1.0,age|bmi|cholesterol|cholesterol_glucose_ratio|glucose|height|metabolic_product|weight,8,5.0,0.025,0.1566428436308719,0.007914765418360238
uniform,3,1.0,age|bmi|cholesterol|cholesterol_glucose_ratio|glucose|height|metabolic_product|weight,8,5.0,0.03,0.15668197786471663,0.007664903269150529
kmeans,4,1.0,age|bmi|cholesterol|cholesterol_glucose_ratio|glucose|height|metabolic_product|weight,8,5.0,0.02,0.1567880587250164,0.008127484265692528
uniform,4,1.0,age|bmi|cholesterol|cholesterol_glucose_ratio|glucose|height|metabolic_product|weight,8,5.0,0.02,0.15689073966251466,0.008369671422506135
uniform,3,1.0,age|bmi|cholesterol|cholesterol_glucose_ratio|glucose|height|metabolic_product|weight,8,5.0,0.025,0.15690046380726377,0.007861648487637448
uniform,3,1.3,age|bmi|cholesterol|cholesterol_glucose_ratio|glucose|height|metabolic_product|weight,8,5.0,0.02,0.15691822796379482,0.008041089363334104
quantile,3,1.0,age|bmi|cholesterol|cholesterol_glucose_ratio|glucose|height|metabolic_product|weight,8,5.0,0.02,0.15710890334493385,0.00856195015941836
uniform,5,1.0,age|bmi|cholesterol|cholesterol_glucose_ratio|glucose|height|metabolic_product|weight,8,5.0,0.02,0.1571212228783797,0.00814157692740366
kmeans,3,1.0,age|bmi|cholesterol|cholesterol_glucose_ratio|glucose|height|metabolic_product|weight,8,5.0,0.02,0.1573072393797829,0.008279860593216915
uniform,3,1.0,age|bmi|cholesterol|cholesterol_glucose_ratio|glucose|height|metabolic_product|weight,8,5.0,0.02,0.15765937565436725,0.0082044343275662
