scheme,C,gamma,screen_MAE,fold_std,n_input_features
literature_age,2.0,0.14,0.1700149071726121,0.00682253373469005,44
literature_age,1.0,0.14,0.17006240143787796,0.0067833059091879505,44
literature_light,2.0,0.14,0.17028989056247465,0.006773617432318281,40
literature_light,1.0,0.14,0.17030031254304365,0.0067427583420452035,40
literature_age,0.7,0.14,0.17034682022688596,0.006729126112198947,44
literature_light,0.7,0.14,0.17060282222238507,0.006641008936901791,40
literature_age,2.0,0.18,0.1708534452035846,0.006772740174013674,44
literature_age,1.0,0.18,0.17087267118221905,0.006748241828698994,44
none,2.0,0.14,0.17088097592149362,0.006937847185603762,34
literature_age,0.7,0.18,0.17093509643048374,0.006751272573484546,44
none,1.0,0.14,0.1709395618085718,0.00690902509137371,34
literature_light,2.0,0.18,0.17101262359012362,0.006734550841986889,40
literature_light,1.0,0.18,0.17102898764192007,0.006696377305292062,40
literature_light,0.7,0.18,0.1710863928951469,0.006694701018987453,40
literature_age,2.0,0.1,0.17115186878587213,0.006777966631109428,44
none,2.0,0.18,0.17129065386626557,0.006858582928678416,34
none,1.0,0.18,0.17130352408827446,0.006821112441121753,34
none,0.7,0.14,0.1713721586183468,0.006711080395811467,34
none,0.7,0.18,0.17141553435066048,0.006806829801053283,34
literature_light,2.0,0.1,0.17143115490457247,0.006730705965851344,40
literature_age,1.0,0.1,0.17152358716879856,0.00653459267407621,44
literature_light,1.0,0.1,0.17177678187830248,0.0064656947213894995,40
none,2.0,0.1,0.1724832364591055,0.006922456014515402,34
none,1.0,0.1,0.1731024313394706,0.006461793029425529,34
literature_age,0.7,0.1,0.17327041300104762,0.005909468317982116,44
tree_signal,2.0,0.1,0.17352993208462136,0.006897410924420278,54
tree_signal,1.0,0.1,0.1736076782772327,0.006971088483202198,54
literature_light,0.7,0.1,0.17396278094703851,0.00587260497718062,40
tree_signal,0.7,0.1,0.174114237770038,0.0067631525408789125,54
tree_signal,2.0,0.14,0.17470476121622203,0.006720094177794338,54
tree_signal,1.0,0.14,0.17470489133666142,0.006725259624005271,54
tree_signal,0.7,0.14,0.17475588750988058,0.006757882403670545,54
balanced_signal,2.0,0.1,0.1749344368237824,0.006680593197967484,48
balanced_signal,1.0,0.1,0.1750879223645559,0.006655330392923376,48
balanced_signal,2.0,0.14,0.17561597757922762,0.006635406335156236,48
balanced_signal,1.0,0.14,0.1756324103975982,0.006625695826990336,48
balanced_signal,0.7,0.14,0.17573926155719843,0.006617572032217779,48
balanced_signal,0.7,0.1,0.1758045275477438,0.006138824152332121,48
tree_signal,2.0,0.06,0.17633199929869345,0.007289268890452831,54
none,0.7,0.1,0.17654865545050089,0.0060367457407574515,34
tree_signal,2.0,0.18,0.17697403501825373,0.00660510921307538,54
tree_signal,1.0,0.18,0.17697404041509113,0.006604052641406974,54
tree_signal,0.7,0.18,0.17698187438598975,0.006606863964199116,54
literature_age,2.0,0.06,0.17724194333564697,0.006427047248527726,44
balanced_signal,2.0,0.18,0.1775338462522709,0.006660974408819149,48
balanced_signal,1.0,0.18,0.17753783318626234,0.006656674964809191,48
balanced_signal,0.7,0.18,0.1775676168456325,0.00664064359706945,48
literature_light,2.0,0.06,0.1777587582042248,0.006072692349071008,40
tree_signal,1.0,0.06,0.17833857766276698,0.0062419321458819,54
balanced_signal,2.0,0.06,0.17880297392011915,0.006259333353440686,48
none,2.0,0.06,0.18037286992566226,0.006632770326086235,34
balanced_signal,1.0,0.06,0.18178655338246386,0.00485664751158803,48
tree_signal,0.7,0.06,0.18353837480478785,0.005577744124311535,54
literature_age,1.0,0.06,0.18393184824516917,0.005673217203836697,44
literature_light,1.0,0.06,0.18556707887533871,0.005825255588690928,40
balanced_signal,0.7,0.06,0.1880867088365801,0.004859537416957265,48
none,1.0,0.06,0.19041077390412126,0.006776651210640023,34
literature_age,0.7,0.06,0.19186102659798238,0.005896334625603834,44
literature_light,0.7,0.06,0.1939639387811848,0.006266086246880115,40
none,0.7,0.06,0.1992405208425725,0.00651436885326721,34
