C,gamma,mean_MAE,worst_seed_MAE,fold_std,seed_42,seed_77,seed_2026,mean_improvement_vs_v10,worst_improvement_vs_v10,wins_vs_v10
5.0,0.08,0.16217318435553552,0.1632624252055463,0.00511275680211283,0.1632624252055463,0.1619455266289465,0.16131160123211374,3.11489777978143e-05,2.4473371053490567e-05,3
3.0,0.08,0.16217867545646533,0.16326204630755198,0.005115292066223453,0.16326204630755198,0.1619541800023089,0.16131980005953503,2.5657876868025637e-05,1.5819997691096654e-05,3
2.0,0.08,0.16219161843629593,0.16327626620427158,0.0051217886883473986,0.16327626620427158,0.16195909163733604,0.16133949746728019,1.271489703739507e-05,1.0908362663958338e-05,3
1.5,0.08,0.1622044474122172,0.16328827951551467,0.005125340866641045,0.16328827951551467,0.1619701448721229,0.16135491784901407,-1.140788838856673e-07,-2.7951551467841895e-07,1
1.0,0.08,0.16225449035945008,0.16333357245170999,0.0051238601456521544,0.16333357245170999,0.16204859902269367,0.16138129960394668,-5.015702611677978e-05,-7.859902269366503e-05,0
5.0,0.07,0.16232876598159976,0.16335145543037735,0.005213923497544767,0.16335145543037735,0.1622182907465034,0.16141655176791855,-0.00012443264826643893,-0.000248290746503399,0
3.0,0.07,0.1623372038095302,0.16335439796147067,0.005218255031794913,0.16335439796147067,0.16222515771808882,0.1614320557490311,-0.00013287047619686687,-0.0002551577180888165,0
2.0,0.07,0.16234688439439848,0.16335833302461025,0.0052252202603812374,0.16335833302461025,0.1622254722584181,0.1614568479001671,-0.00014255106106515295,-0.00025547225841809906,0
1.5,0.07,0.16236486140508546,0.16336078391101683,0.0052220882334690095,0.16336078391101683,0.16225226898950904,0.16148153131473056,-0.00016052807175214365,-0.00028226898950903245,0
1.0,0.07,0.1623938423870048,0.16336223626721566,0.005238037962715499,0.16336223626721566,0.16234333458230352,0.16147595631149525,-0.00018950905367147905,-0.0003733345823035139,0
