target_weight,smoothing,onehot_weight,C,gamma,screen_MAE,fold_std
0.0,10.0,5.0,5.0,0.035,0.15752381671643728,0.007851247032595382
0.0,30.0,5.0,5.0,0.035,0.15752381671643728,0.007851247032595382
0.25,30.0,5.0,5.0,0.035,0.15753380978948983,0.00784298364664993
0.25,10.0,5.0,5.0,0.035,0.15753469975690046,0.007841211694439932
0.5,10.0,5.0,5.0,0.035,0.15753718046713935,0.007823598624985
0.5,30.0,5.0,5.0,0.035,0.15753963298841936,0.00782442757934055
1.0,10.0,5.0,5.0,0.035,0.15757904383400384,0.00776034381275872
1.0,30.0,5.0,5.0,0.035,0.15757915929896127,0.007763112929211114
2.0,10.0,5.0,5.0,0.035,0.157679309818915,0.007630727680361352
2.0,30.0,5.0,5.0,0.035,0.15768014978846087,0.00762605009374252
4.0,10.0,5.0,5.0,0.035,0.15779045065744954,0.0075812439931235934
4.0,30.0,5.0,5.0,0.035,0.15779143132382684,0.007589893523950987
0.0,10.0,5.0,5.0,0.045,0.15790514191132196,0.007428832125647087
0.0,30.0,5.0,5.0,0.045,0.15790514191132196,0.007428832125647087
0.25,10.0,5.0,5.0,0.045,0.15790529502565517,0.007425164339359007
0.25,30.0,5.0,5.0,0.045,0.1579054611088048,0.0074234900008094675
0.5,10.0,5.0,5.0,0.045,0.15791895921219284,0.007409669661303136
0.5,30.0,5.0,5.0,0.045,0.15792070697635077,0.007408397196670744
1.0,30.0,5.0,5.0,0.045,0.15795001927221936,0.007371202737592559
1.0,10.0,5.0,5.0,0.045,0.15795038983248808,0.007370643710511883
2.0,10.0,5.0,5.0,0.045,0.15802995849355914,0.00729951665042971
2.0,30.0,5.0,5.0,0.045,0.15803189743901586,0.007300297167024768
4.0,10.0,5.0,5.0,0.045,0.15809170504328707,0.0072912483224132595
4.0,30.0,5.0,5.0,0.045,0.15809339547989604,0.007300973247607779
0.0,10.0,5.0,5.0,0.025,0.15859518787839616,0.00832537802282613
0.0,30.0,5.0,5.0,0.025,0.15859518787839616,0.00832537802282613
0.25,10.0,5.0,5.0,0.025,0.15859936705981978,0.008323145587910167
0.5,10.0,5.0,5.0,0.025,0.1586023079073814,0.008304308092192769
0.25,30.0,5.0,5.0,0.025,0.1586045812427456,0.008319413480112042
0.5,30.0,5.0,5.0,0.025,0.15861076741954316,0.008308615897319564
1.0,30.0,5.0,5.0,0.025,0.15862299500511065,0.008267029412256169
1.0,10.0,5.0,5.0,0.025,0.15862458584484443,0.008273844468439852
2.0,30.0,5.0,5.0,0.025,0.15869676394176854,0.008089224702458805
2.0,10.0,5.0,5.0,0.025,0.15869842352012892,0.008094298151370699
4.0,10.0,5.0,5.0,0.025,0.15878656443577507,0.007910792088789583
4.0,30.0,5.0,5.0,0.025,0.15879180150742997,0.007905046783043754
