C,epsilon,categorical_weight,gamma,screen_MAE,fold_std
5.0,0.0,5.0,0.035,0.15752381671643728,0.007851247032595382
10.0,0.0,5.0,0.035,0.15753382717066708,0.007849951452005136
2.0,0.0,5.0,0.035,0.15756258496256556,0.007868134238262263
1.0,0.0,5.0,0.035,0.15768712470450147,0.007948321518158068
5.0,0.0025,5.0,0.035,0.15828119914536612,0.007806412019087855
10.0,0.0025,5.0,0.035,0.158287098072633,0.007803424424594601
2.0,0.0025,5.0,0.035,0.15831475301980164,0.007829444792096822
1.0,0.0025,5.0,0.035,0.1584307270100205,0.007918588903406734
5.0,0.005,5.0,0.035,0.15909783318933746,0.007788416300799061
10.0,0.005,5.0,0.035,0.15909783318933746,0.007788416300799061
2.0,0.005,5.0,0.035,0.15914022023763355,0.007800313670634873
1.0,0.005,5.0,0.035,0.15925670008965936,0.00789673645296592
0.5,0.0,5.0,0.035,0.16027000346880546,0.007807142868827316
5.0,0.01,5.0,0.035,0.16082159283070152,0.0077128552669245625
10.0,0.01,5.0,0.035,0.16082159283070152,0.0077128552669245625
2.0,0.01,5.0,0.035,0.16085637811363168,0.007724342586859347
0.5,0.0025,5.0,0.035,0.16092439081396714,0.007787158589457232
1.0,0.01,5.0,0.035,0.16098130413320416,0.007832172390322184
0.5,0.005,5.0,0.035,0.1616636515434216,0.007775365875389551
0.5,0.01,5.0,0.035,0.16320246652963302,0.007721026438481595
5.0,0.02,5.0,0.035,0.16431149982646465,0.007548406283589179
10.0,0.02,5.0,0.035,0.16431149982646465,0.007548406283589179
2.0,0.02,5.0,0.035,0.16433359415106616,0.007555192409843723
1.0,0.02,5.0,0.035,0.16446166435074064,0.0076599747970260024
0.5,0.02,5.0,0.035,0.16633837041002883,0.007576655536927738
0.25,0.0,5.0,0.035,0.18386941224948142,0.0063771956280412115
0.25,0.0025,5.0,0.035,0.18418860387741348,0.0063586877078303855
0.25,0.005,5.0,0.035,0.18457398523492669,0.0063331649951592715
0.25,0.01,5.0,0.035,0.185360122262177,0.0062966884386614465
0.25,0.02,5.0,0.035,0.18695154688572527,0.00619914751788885
