categorical_weight,C,gamma,screen_MAE,fold_std
5.0,5.0,0.035,0.15752381671643728,0.007851247032595382
4.0,5.0,0.04,0.15760541931070718,0.007612431068637177
5.0,5.0,0.04,0.15762675862574227,0.007628071958909327
6.0,5.0,0.035,0.1576448553500914,0.007797349700879482
4.0,5.0,0.035,0.15766971459354887,0.00776472231253309
6.0,5.0,0.04,0.15776158493712394,0.007582899039738146
5.0,5.0,0.03,0.15778923289447425,0.008079974700134919
3.5,5.0,0.04,0.15780317546309344,0.007448275512926645
6.0,5.0,0.03,0.15781487983347145,0.008031632103517688
3.5,5.0,0.035,0.157995947482472,0.007518723263561029
4.0,5.0,0.05,0.1581461085006695,0.007259098014799238
3.5,5.0,0.05,0.15819812912544637,0.00718229614882163
4.0,5.0,0.03,0.15821934627260628,0.007798857962241461
3.0,5.0,0.04,0.1582427140453002,0.007193236319143723
5.0,5.0,0.05,0.15828728990047095,0.007261255491205017
6.0,5.0,0.05,0.1583769819605857,0.007237095422621547
6.0,5.0,0.025,0.15841639338659158,0.008365701916532724
3.0,5.0,0.05,0.1584398293803936,0.006994938898750788
5.0,5.0,0.025,0.15859518787839616,0.00832537802282613
3.0,5.0,0.035,0.15866253109880257,0.007231754002751746
3.5,5.0,0.03,0.15875795503859777,0.007548429706494824
4.0,5.0,0.025,0.15940510409898456,0.00795274238763593
3.0,5.0,0.03,0.15958940427988186,0.007191685239932755
6.0,5.0,0.02,0.15970794130721003,0.008820011727343655
3.5,5.0,0.025,0.16013760543415997,0.007583215350154076
5.0,5.0,0.02,0.1602168897039056,0.008640823748937975
3.0,5.0,0.025,0.161174246955956,0.0072044925117036515
4.0,5.0,0.02,0.16149775344952572,0.008081929429240154
6.0,5.0,0.015,0.1621867456119238,0.009283362558638526
3.5,5.0,0.02,0.16251436220882115,0.007620553079085998
5.0,5.0,0.015,0.16342731510259417,0.008953372708330125
3.0,5.0,0.02,0.16397983935433788,0.007331299855205722
4.0,5.0,0.015,0.16555721208082697,0.008199813915836462
3.5,5.0,0.015,0.16690926197430475,0.007945934352425053
3.0,5.0,0.015,0.16849619397722854,0.007993209676709365
