target_weight,smoothing,onehot_weight,C,gamma,mean_MAE,worst_seed_MAE,fold_std,seed_42,seed_77,seed_2026,mean_improvement_vs_v19,worst_improvement_vs_v19,wins_vs_v19
0.0,10.0,5.0,5.0,0.035,0.1562729656546297,0.15752381671643728,0.005802355438758481,0.15752381671643728,0.1564966653883252,0.15479841485912657,-5.551115123125783e-17,-8.326672684688674e-17,0
0.0,30.0,5.0,5.0,0.035,0.1562729656546297,0.15752381671643728,0.005802355438758481,0.15752381671643728,0.1564966653883252,0.15479841485912657,-5.551115123125783e-17,-8.326672684688674e-17,0
0.25,10.0,5.0,5.0,0.035,0.15627671800554566,0.15753469975690046,0.005799710819189738,0.15753469975690046,0.15649922191167592,0.15479623234806061,-3.752350916032728e-06,-1.088304046326094e-05,1
0.25,30.0,5.0,5.0,0.035,0.1562778471994759,0.15753380978948983,0.0057996801862320625,0.15753380978948983,0.1565003783004362,0.15479935350850169,-4.881544846272827e-06,-9.993073052633195e-06,0
0.5,10.0,5.0,5.0,0.035,0.1562821723979009,0.15753718046713935,0.005789997560257016,0.15753718046713935,0.15650806239003934,0.15480127433652402,-9.206743271270948e-06,-1.3363750702155563e-05,0
0.5,30.0,5.0,5.0,0.035,0.15628298733347687,0.15753963298841936,0.0057898225244694115,0.15753963298841936,0.15650774817521224,0.15480158083679893,-1.0021678847208873e-05,-1.5816271982160846e-05,0
1.0,30.0,5.0,5.0,0.035,0.15631539554670776,0.15757915929896127,0.0057574620931888,0.15757915929896127,0.1565640858444254,0.15480294149673662,-4.242989207813482e-05,-6.742045610019787e-05,0
1.0,10.0,5.0,5.0,0.035,0.15631542296276166,0.15757904383400384,0.00575694583255622,0.15757904383400384,0.15656305280089708,0.15480417225338408,-4.2457308132034154e-05,-6.638741257186664e-05,0
2.0,10.0,5.0,5.0,0.035,0.156404472066537,0.157679309818915,0.0056772666442867475,0.157679309818915,0.15669381179915576,0.15484029458154025,-0.00013150641190737278,-0.0001971464108305454,0
2.0,30.0,5.0,5.0,0.035,0.15640715050351367,0.15768014978846087,0.005675956466132483,0.15768014978846087,0.15670004152714787,0.15484126019493227,-0.00013418484888403728,-0.00020337613882265293,0
