n_bins,strength,shrink,mean_MAE,worst_MAE,mean_improvement,worst_improvement,wins
12,1.0,40.0,0.15081095476856493,0.1509769310874655,0.002422399788731203,0.0022564234698306262,7
12,1.0,20.0,0.15079510487174524,0.15098922655395636,0.0024382496855508934,0.002244128003339757,7
12,1.0,80.0,0.1508748590278126,0.15101422019943944,0.002358495529483493,0.0022191343578566725,7
12,0.75,20.0,0.1509008979933464,0.15103400309092938,0.002332456563949695,0.002199351466366739,7
12,0.75,40.0,0.15095981077499104,0.15108132165909102,0.0022735437823050825,0.002152032898205092,7
12,0.75,80.0,0.15108623276307984,0.15119001550555414,0.002147121794216278,0.002043339051741977,7
25,1.0,40.0,0.15108994362876674,0.15121822320494818,0.002143410928529357,0.002015131352347932,7
25,0.75,20.0,0.15110166599992644,0.1512208731062348,0.0021316885573696787,0.00201248145106131,7
20,1.0,40.0,0.1509774078791258,0.1512498642946397,0.002255946678170314,0.001983490262656401,7
20,0.75,20.0,0.15102149610259014,0.1512520354593596,0.002211858454706006,0.0019813190979365014,7
20,1.0,80.0,0.1510583360892636,0.15126982163380903,0.0021750184680325063,0.0019635329234870824,7
25,1.0,80.0,0.15114587948241448,0.1512781905663821,0.002087475074881634,0.0019551639909140273,7
15,0.75,20.0,0.15098675104150017,0.15128436049424082,0.0022466035157959474,0.0019489940630552927,7
15,1.0,80.0,0.15098726299103754,0.15128500860562735,0.0022460915662585695,0.0019483459516687618,7
20,0.75,40.0,0.1510988826310773,0.15129245121545867,0.0021344719262188267,0.001940903341837441,7
25,0.75,40.0,0.15115931624673734,0.15129301497684078,0.002074038310558785,0.0019403395804553358,7
20,1.0,20.0,0.1509962454776608,0.15129495380852276,0.002237109079635321,0.0019384007487733557,7
25,1.0,20.0,0.1511360606003138,0.15129715992222312,0.002097293956982327,0.0019361946350729964,7
15,0.75,40.0,0.15103894534297382,0.15129775174527263,0.0021944092143223104,0.0019356028120234847,7
15,1.0,40.0,0.15095216411905735,0.15131583294958387,0.002281190438238783,0.001917521607712247,7
12,0.5,20.0,0.1512409805624735,0.1513306402916556,0.001992373994822609,0.0019027142656405094,7
15,0.75,80.0,0.1511678967822924,0.15135268379457306,0.0020654577750037367,0.0018806707627230523,7
15,1.0,20.0,0.15097084142295708,0.1513748295270057,0.0022625131343390614,0.0018585250302904088,7
12,0.5,40.0,0.15132871807620235,0.15140964907458646,0.0019046364810937633,0.0018237054827096588,7
15,0.5,20.0,0.1512670777821475,0.15141730025407862,0.0019662767751485893,0.0018160543032174903,7
20,0.75,80.0,0.1512633553921669,0.15142596004121314,0.0019699991651292476,0.0018073945160829719,7
25,0.5,20.0,0.15131462097248724,0.1514332290653972,0.0019187335848088658,0.001800125491898924,7
25,0.75,80.0,0.1513238415269528,0.15144156311336482,0.001909513030343289,0.0017917914439312954,7
20,0.5,20.0,0.15130235647450951,0.15145948228228764,0.0019309980827866041,0.0017738722750084701,7
15,0.5,40.0,0.1513608851201445,0.151485852518202,0.0018724694371515924,0.001747502039094101,7
12,0.5,80.0,0.151483898984518,0.15154836312366318,0.0017494555727780939,0.001684991433632932,7
25,0.5,40.0,0.15144450511294338,0.15154841667756613,0.0017888494443527342,0.0016849378797299808,7
20,0.5,40.0,0.15141162931054614,0.15155221193045487,0.001821725246749962,0.0016811426268412422,7
15,0.5,80.0,0.1515274939036714,0.15162456680339403,0.0017058606536247134,0.00160878775390208,7
10,1.0,80.0,0.15141313051188737,0.1516321904543957,0.0018202240454087376,0.0016011641029004264,7
10,0.75,20.0,0.15143028389394447,0.15163550100837925,0.0018030706633516374,0.0015978535489168666,7
10,0.75,40.0,0.15145278232202158,0.15164556728933307,0.0017805722352744943,0.0015877872679630478,7
10,1.0,40.0,0.1514116834211446,0.15165166291596302,0.0018216711361515117,0.001581691641333094,7
10,0.75,80.0,0.15150562411681318,0.15167595920455035,0.0017277304404829188,0.0015573953527457662,7
10,1.0,20.0,0.15142501549328477,0.1516811467055025,0.00180833906401134,0.0015522078517936078,7
8,1.0,80.0,0.15162012540862072,0.15169164179995967,0.001613229148675391,0.0015417127573364442,7
8,1.0,40.0,0.15160291202211337,0.15169904690747668,0.0016304425351827293,0.001534307649819433,7
20,0.5,80.0,0.15160589589591722,0.1517107764494104,0.0016274586613788864,0.0015225781078857248,7
8,0.75,20.0,0.15165476491817417,0.15171319067638153,0.0015785896391219331,0.0015201638809145823,7
8,1.0,20.0,0.15160412295635145,0.151714264691832,0.0016292316009446678,0.0015190898654641183,7
8,0.75,40.0,0.15167740717408135,0.15173133150233753,0.0015559473832147755,0.0015020230549585845,7
10,0.5,20.0,0.15160859005083097,0.1517510686782976,0.0016247645064651603,0.0014822858789985127,7
25,0.5,80.0,0.15167713932759824,0.15176233312750992,0.0015562152296978795,0.0014710214297861957,7
8,0.75,80.0,0.15172545120831687,0.15177345459503053,0.0015079033489792473,0.0014598999622655873,7
10,0.5,40.0,0.15165521540497862,0.1517899194892885,0.0015781391523174862,0.0014434350680076202,7
10,0.5,80.0,0.151748704055069,0.1518680943450562,0.0014846505022271012,0.001365260212239927,7
8,0.5,20.0,0.15183846190762576,0.15187831110827787,0.0013948926496703856,0.0013550434490182395,7
8,0.5,40.0,0.15186971715036104,0.15190812956821662,0.0013636374069350818,0.0013252249890794987,7
8,0.5,80.0,0.15192889177461028,0.15196480401982476,0.0013044627826858193,0.0012685505374713524,7
