n_bins,strength,mean_MAE,worst_MAE,std_MAE,mean_improvement,worst_improvement,wins,audit_seed_11,audit_seed_29,audit_seed_91,audit_seed_333,audit_seed_909,audit_seed_4096,audit_seed_8128
25,1.0,0.15802020503152117,0.1581467125976419,8.033885999224723e-05,0.0035498639371723977,0.003423356371051678,7,0.1581148346146757,0.15800624447299766,0.15799159356545445,0.15794859361560878,0.1581467125976419,0.1579020746826573,0.1580313816716125
15,1.0,0.15807664425471407,0.1582186487887327,7.980388785132567e-05,0.0034934247139795254,0.0033514201799608734,7,0.15812314093437355,0.15810248064357635,0.1582186487887327,0.15805664393625235,0.15793636078164772,0.15805438719857906,0.15804484749983666
18,1.0,0.1581131056887497,0.15833115162566622,0.00014507789023969646,0.003456963279943881,0.0032389173430273643,7,0.1579968883045563,0.1581328629811443,0.15813800203803619,0.15786731192760647,0.15826257756097437,0.15833115162566622,0.15806294538326407
30,1.0,0.1582610802819349,0.15848704939341854,0.00013405543784555888,0.0033089886867586705,0.0030830195752750422,7,0.15814910256659595,0.15838161633931153,0.1583266511603959,0.15824698068165127,0.15808439072753092,0.15815177110464027,0.15848704939341854
15,0.75,0.1583549917727522,0.15846887418006003,6.798654776136397e-05,0.0032150771959413966,0.003101194788633549,7,0.15839321723527622,0.15840927579179825,0.15846887418006003,0.1583233776180794,0.15824655519255656,0.15831869627378825,0.15832494611770656
25,0.75,0.15835862814460736,0.15848296635780199,7.748167068632112e-05,0.0032114408240862613,0.0030871026108915955,7,0.15846123605133505,0.15834543947157378,0.1583227557622027,0.15829922664487012,0.15848296635780199,0.15825451428506696,0.15834425843940064
20,1.0,0.15835944486806902,0.15863422659145449,0.0001768306075201517,0.0032106241006245434,0.002935842377239095,7,0.15824642454445553,0.15811397748432257,0.15863422659145449,0.15829062126020077,0.15842825432016827,0.1582319315927026,0.15857067828317903
18,0.75,0.15838801003413497,0.1585373067770062,0.00010968526216980913,0.0031820589345586325,0.0030327621916873826,7,0.1583367106008434,0.15841332965614602,0.15841580937964267,0.1581711324710059,0.1584867800171241,0.1585373067770062,0.15835500133717637
12,1.0,0.15843412576117255,0.15858840721564313,0.00012877601496377841,0.0031359432075210463,0.002981661753050452,7,0.158199737235919,0.15856307032726386,0.15837072992003698,0.15833487028939117,0.15850459569379077,0.15858840721564313,0.15847746964616283
30,0.75,0.15854070947755933,0.15870246348969325,0.00010730577362957299,0.0030293594911342575,0.0028676054790003347,7,0.15847170661949425,0.15866385069166558,0.15859056478590805,0.15852549642895594,0.15840109989401616,0.15842978443318204,0.15870246348969325
20,0.75,0.15855752867530423,0.15874659414597425,0.00012386099287654684,0.0030125402933893724,0.0028234748227193296,7,0.1585008915136002,0.15840604777406828,0.15874659414597425,0.15850468522448802,0.15860711099072272,0.15842728000945105,0.15871009106882494
12,0.75,0.15869284794387642,0.15881326789941594,9.654415903029729e-05,0.0028772210248171892,0.0027568010692776423,7,0.15851954386241515,0.1587878043715972,0.15866473070963727,0.15860965970614616,0.15875562435235827,0.15881326789941594,0.15869930470556476
10,1.0,0.15877292422712672,0.15904108372992895,0.00013922022596701668,0.002797144741566857,0.0025289852387646305,7,0.158627035019153,0.15868499691833166,0.1586837682095224,0.15886971315254966,0.15884291327800218,0.1586609592823992,0.15904108372992895
15,0.5,0.15895501167141732,0.15902590357690619,4.886281197922436e-05,0.0026150572972762514,0.002544165391787395,7,0.1589940780042476,0.15900475984947865,0.15902590357690619,0.1589291811590208,0.15888404423385927,0.15892214875472344,0.15892496612168536
10,0.75,0.15895722164595036,0.1591218004664826,8.588045770382494e-05,0.0026128473227431987,0.0024482685022109707,7,0.15887122356072467,0.1589052654568379,0.15893944986815026,0.15897439015610568,0.15902636245034774,0.15886205956300384,0.1591218004664826
18,0.5,0.1590067706354668,0.1590985904149118,7.172376781653446e-05,0.002563298333226775,0.0024714785537817696,7,0.1589960566807924,0.15903491801235436,0.1590064174312418,0.1588546454989424,0.1590644093642605,0.1590985904149118,0.15899235704576437
25,0.5,0.15902743247317871,0.1591197721539601,5.3825602370431964e-05,0.00254263649551485,0.0024502968147334936,7,0.15909475995577282,0.15902411760126312,0.15898822995703457,0.15900024207185157,0.1591197721539601,0.1589613900978692,0.15900351547449976
20,0.5,0.1591037846013,0.1592277034549613,7.43244289339081e-05,0.0024662843673935613,0.002342365513732292,7,0.15908267544204777,0.15902224234464798,0.1592277034549613,0.15906899259018248,0.15913148905439892,0.15901261234645414,0.15918077697640756
30,0.5,0.15913705190461394,0.15923443198014492,7.261534034468296e-05,0.002433017064079648,0.0023356369885486616,7,0.15908110965017289,0.15923443198014492,0.15917589588995976,0.1591287440324142,0.159040211255226,0.1590687593848081,0.15923021113957167
8,1.0,0.1591897464667753,0.15927881826556264,7.776841611187439e-05,0.002380322501918279,0.002291250703130937,7,0.15906258550674918,0.1592725224729236,0.15915249272691412,0.15910783673839335,0.15924294559100238,0.15921102396588185,0.15927881826556264
12,0.5,0.15926085627067413,0.15934820312473363,6.197794791508197e-05,0.002309212698019441,0.002221865843959947,7,0.15916283179031027,0.1593101081093771,0.15924919423912362,0.1591967576945911,0.15931327846829893,0.15934820312473363,0.15924562046828433
8,0.75,0.1593203356803106,0.15938088781675996,5.0839446455814774e-05,0.002249733288382984,0.002189181151933617,7,0.15923946127106578,0.15937236536831392,0.15931062933235043,0.159255998597503,0.1593464323266892,0.15933657504949186,0.15938088781675996
10,0.5,0.15942465584019555,0.1595194808148326,5.1448786111408275e-05,0.0021454131284980105,0.0020505881538609716,7,0.15937307150183933,0.1594092608021142,0.15943486790874142,0.1594165856973122,0.15946452589524102,0.1593547982612882,0.1595194808148326
8,0.5,0.15970132561594802,0.15974115296867722,3.0903549875817967e-05,0.001868743352745573,0.0018289160000163618,7,0.15966443708662656,0.1597251360180777,0.15970102339192557,0.15964853775993418,0.15971883882480808,0.15971015326158675,0.15974115296867722
