bin,lower,upper,train_oof_count,learned_shift
0,-inf,0.1700307751425065,120,-0.0035699051684394164
1,0.1700307751425065,0.23438216708053725,120,-0.059991131225148056
2,0.23438216708053725,0.28385556757891117,120,-0.06538059923245203
3,0.28385556757891117,0.3268075893874839,120,-0.07530842198514336
4,0.3268075893874839,0.36480991521071887,120,-0.029192506190345104
5,0.36480991521071887,0.4002152545487886,120,-0.03194312468256904
6,0.4002152545487886,0.42032209018020517,120,-0.008734862399546843
7,0.42032209018020517,0.4381247533026995,120,-0.01765391597405064
8,0.4381247533026995,0.4508756614978507,120,-0.0005602223218320185
9,0.4508756614978507,0.46227864573581356,120,-0.0008580405550653564
10,0.46227864573581356,0.47239793951784265,120,0.0007423741787376342
11,0.47239793951784265,0.4820071508587594,120,0.013932216497141712
12,0.4820071508587594,0.49026671223100193,120,0.019098006556146664
13,0.49026671223100193,0.49658638919905285,120,-0.009449250313917948
14,0.49658638919905285,0.5046565528608635,120,0.01216986403631892
15,0.5046565528608635,0.5129039121463083,120,0.028183521392411294
16,0.5129039121463083,0.5221100584212954,120,0.002116081870410966
17,0.5221100584212954,0.5334518289988325,120,0.049302164139246485
18,0.5334518289988325,0.5472820518898615,120,0.0032622392017462175
19,0.5472820518898615,0.5699954136530191,120,0.018362118969299224
20,0.5699954136530191,0.603221631474707,120,0.031298523786846985
21,0.603221631474707,0.6421700955340601,120,0.02714095237712868
22,0.6421700955340601,0.7016361931677042,120,0.050917093495140155
23,0.7016361931677042,0.7834414436307318,120,0.01743656895563499
24,0.7834414436307318,inf,120,0.002895811854894534
