feature_group,C,gamma,mean_MAE,worst_seed_MAE,fold_std,seed_42,seed_77,seed_2026
physiology,10.0,scale,0.20470579597120223,0.20613648015077646,0.007733395822098019,0.2036144553056389,0.20613648015077646,0.2043664524571913
physiology,3.0,scale,0.21205444321821884,0.21400507513233819,0.007692326730355275,0.21114501447001388,0.21400507513233819,0.2110132400523044
base,10.0,scale,0.21465081843206,0.21534576262287056,0.008482157891928846,0.21534576262287056,0.21481540724898096,0.21379128542432846
base,3.0,scale,0.21785419857191404,0.21911596928488047,0.007663463984098251,0.2173037898490685,0.21911596928488047,0.21714283658179317
physiology,1.0,scale,0.22368363985080406,0.22761669018998085,0.008245673255529693,0.22226961909399287,0.22761669018998085,0.22116461026843842
full,10.0,scale,0.22475646907439253,0.22735020539200984,0.007839066159444696,0.22426695534139857,0.22735020539200984,0.22265224648976922
base,1.0,scale,0.22639974799648832,0.22869113783099343,0.007352443015081415,0.2251140732550955,0.22869113783099343,0.22539403290337603
physiology,3.0,0.03,0.2274684340089235,0.23166262554494013,0.00905945744039879,0.22584229905215905,0.23166262554494013,0.22490037742967137
full,3.0,scale,0.2288763751556412,0.23231765076461144,0.008714795316789934,0.2274502473239762,0.23231765076461144,0.22686122737833594
full,3.0,0.03,0.22995593954031915,0.2336298609478907,0.008890182283629177,0.22840206691108975,0.2336298609478907,0.227835890761977
full,1.0,scale,0.23353385368289428,0.2374425336007644,0.008528837579372008,0.2318726222043722,0.2374425336007644,0.23128640524354627
recovery,10.0,scale,0.23470507588993902,0.2358228496003196,0.006389229397380393,0.2358228496003196,0.23342835288993227,0.23486402517956512
base,3.0,0.03,0.2367574970528652,0.2388856121023954,0.007472256030717518,0.23570656795166708,0.2388856121023954,0.23568031110453316
recovery,3.0,scale,0.23719095084747024,0.23886748588284745,0.007644332028861625,0.23650104600584526,0.23886748588284745,0.23620432065371802
recovery,1.0,scale,0.23841029422494794,0.2403676115168761,0.007772478858556006,0.2375974846550721,0.2403676115168761,0.2372657865028956
recovery,3.0,0.03,0.241069753425417,0.2429100885126531,0.008222000171792924,0.23968004615215446,0.2429100885126531,0.24061912561144339
