n_bins,bin_weight,categorical_weight,C,gamma,mean_MAE,worst_seed_MAE,fold_std,seed_42,seed_77,seed_2026,mean_improvement_vs_v19,worst_improvement_vs_v19,wins_vs_v19
4,1.0,5.0,5.0,0.025,0.1550121770489089,0.15631620045114566,0.005650885152373021,0.15631620045114566,0.15486452337873957,0.15385580731684143,0.0012607886057207456,0.0009426075422850622,3
4,2.0,5.0,5.0,0.015,0.15555841450888672,0.15695798457664203,0.005542514467465897,0.15695798457664203,0.15516414726494532,0.15455311168507282,0.0007145511457429069,0.00024530317405366264,3
4,0.5,5.0,5.0,0.035,0.15556137123215819,0.15688236950107012,0.00558054807801881,0.15688236950107012,0.15552671347546956,0.1542750307199349,0.000711594422471438,0.0005233841391915905,3
4,0.5,5.0,5.0,0.025,0.15581220032785426,0.15712663259198087,0.00597808061704974,0.15712663259198087,0.1559816099348872,0.15432835845669465,0.00046076532677539567,0.000397184124456329,3
6,0.5,5.0,5.0,0.035,0.15587102337092004,0.1572264776821427,0.0054791887486192025,0.1572264776821427,0.1558161058560931,0.15457048657452432,0.00040194228370959056,0.00022792828460216352,3
6,0.5,5.0,5.0,0.025,0.1558723695416043,0.1572416944290436,0.00587200312106372,0.1572416944290436,0.15600679420969973,0.15436861998606957,0.0004005961130253329,0.0002821222873936047,3
4,0.25,5.0,5.0,0.035,0.1559451559548347,0.15722192304284696,0.005726872213881789,0.15722192304284696,0.15609456918073622,0.15451897564092096,0.0003278096997949194,0.0002794392182055294,3
6,0.25,5.0,5.0,0.035,0.1559541667276734,0.1572455793723011,0.0056904591322937395,0.1572455793723011,0.1561162046310888,0.15450071617963032,0.0003187989269562245,0.00027823734413609524,3
8,0.5,5.0,5.0,0.025,0.15595455510720116,0.15729453599718038,0.0059023526337517096,0.15729453599718038,0.15601974161732426,0.15454938770709883,0.00031841054742847336,0.00022928071925681914,3
8,0.25,5.0,5.0,0.035,0.1559930018112662,0.1572841450926173,0.005699200182759688,0.1572841450926173,0.1561110550440657,0.1545838052971157,0.0002799638433634011,0.00021460956201077575,3
