selection,binned_columns,binned_feature_count,C,gamma,screen_MAE,fold_std
drop_age_bmi,age|age_glucose|bmi|cholesterol|cholesterol_glucose_ratio|glucose|height|metabolic_product|weight,9,5.0,0.022,0.15513824691615916,0.008008394055788287
drop_age_bmi,age|age_glucose|bmi|cholesterol|cholesterol_glucose_ratio|glucose|height|metabolic_product|weight,9,5.0,0.026,0.1551528259149422,0.00776877331900607
drop_age_glucose,age|age_bmi|bmi|cholesterol|cholesterol_glucose_ratio|glucose|height|metabolic_product|weight,9,5.0,0.022,0.1552695086438884,0.007941470503481741
raw_plus_ratios,age|bmi|cholesterol|cholesterol_glucose_ratio|glucose|height|weight,7,5.0,0.026,0.15527426339185926,0.007612962686283297
drop_age_glucose,age|age_bmi|bmi|cholesterol|cholesterol_glucose_ratio|glucose|height|metabolic_product|weight,9,5.0,0.026,0.15527722469048807,0.007692865425315808
drop_age,age_bmi|age_glucose|bmi|cholesterol|cholesterol_glucose_ratio|glucose|height|metabolic_product|weight,9,5.0,0.022,0.15527770040799793,0.00808823971693645
drop_age,age_bmi|age_glucose|bmi|cholesterol|cholesterol_glucose_ratio|glucose|height|metabolic_product|weight,9,5.0,0.026,0.15529614772189032,0.00784711040195867
v28_full10,age|age_bmi|age_glucose|bmi|cholesterol|cholesterol_glucose_ratio|glucose|height|metabolic_product|weight,10,5.0,0.022,0.15529745427583586,0.008006261091776245
v28_full10,age|age_bmi|age_glucose|bmi|cholesterol|cholesterol_glucose_ratio|glucose|height|metabolic_product|weight,10,5.0,0.026,0.15539770101411998,0.007753579845607905
drop_height,age|age_bmi|age_glucose|bmi|cholesterol|cholesterol_glucose_ratio|glucose|metabolic_product|weight,9,5.0,0.022,0.15541756995064218,0.00815120983971074
raw_plus_ratios,age|bmi|cholesterol|cholesterol_glucose_ratio|glucose|height|weight,7,5.0,0.022,0.1554188538946802,0.007826057220133093
drop_bmi,age|age_bmi|age_glucose|cholesterol|cholesterol_glucose_ratio|glucose|height|metabolic_product|weight,9,5.0,0.022,0.15541903779508465,0.008110165322451733
drop_weight,age|age_bmi|age_glucose|bmi|cholesterol|cholesterol_glucose_ratio|glucose|height|metabolic_product,9,5.0,0.022,0.1554297870809987,0.007988863060314226
drop_bmi,age|age_bmi|age_glucose|cholesterol|cholesterol_glucose_ratio|glucose|height|metabolic_product|weight,9,5.0,0.026,0.1554640453286688,0.007842596910271431
drop_weight,age|age_bmi|age_glucose|bmi|cholesterol|cholesterol_glucose_ratio|glucose|height|metabolic_product,9,5.0,0.026,0.15548492418836868,0.007715230291194167
drop_height,age|age_bmi|age_glucose|bmi|cholesterol|cholesterol_glucose_ratio|glucose|metabolic_product|weight,9,5.0,0.026,0.15550569632435546,0.007893689849990636
drop_metabolic_product,age|age_bmi|age_glucose|bmi|cholesterol|cholesterol_glucose_ratio|glucose|height|weight,9,5.0,0.022,0.15553081088629336,0.007944844451850336
drop_age_bmi,age|age_glucose|bmi|cholesterol|cholesterol_glucose_ratio|glucose|height|metabolic_product|weight,9,5.0,0.018,0.1555477413280178,0.008315584696226626
drop_metabolic_product,age|age_bmi|age_glucose|bmi|cholesterol|cholesterol_glucose_ratio|glucose|height|weight,9,5.0,0.026,0.15557437742249855,0.007693283200857899
v28_full10,age|age_bmi|age_glucose|bmi|cholesterol|cholesterol_glucose_ratio|glucose|height|metabolic_product|weight,10,5.0,0.018,0.15561451934366904,0.008313649860061698
drop_cholesterol,age|age_bmi|age_glucose|bmi|cholesterol_glucose_ratio|glucose|height|metabolic_product|weight,9,5.0,0.022,0.15562485039366566,0.007980953705715825
drop_cholesterol,age|age_bmi|age_glucose|bmi|cholesterol_glucose_ratio|glucose|height|metabolic_product|weight,9,5.0,0.026,0.15564123997190843,0.007737387329499878
drop_glucose,age|age_bmi|age_glucose|bmi|cholesterol|cholesterol_glucose_ratio|height|metabolic_product|weight,9,5.0,0.022,0.1556495252192919,0.008125385735372704
drop_age_glucose,age|age_bmi|bmi|cholesterol|cholesterol_glucose_ratio|glucose|height|metabolic_product|weight,9,5.0,0.018,0.1556654623162863,0.00824620353525905
drop_age,age_bmi|age_glucose|bmi|cholesterol|cholesterol_glucose_ratio|glucose|height|metabolic_product|weight,9,5.0,0.018,0.15566727948238324,0.008386071177997887
drop_glucose,age|age_bmi|age_glucose|bmi|cholesterol|cholesterol_glucose_ratio|height|metabolic_product|weight,9,5.0,0.026,0.15568935072527043,0.007872899341656067
raw_plus_bmi,age|bmi|cholesterol|glucose|height|weight,6,5.0,0.026,0.15569785086282867,0.007600847918136317
drop_cholesterol_glucose_ratio,age|age_bmi|age_glucose|bmi|cholesterol|glucose|height|metabolic_product|weight,9,5.0,0.022,0.15569878631129214,0.008038904399127383
drop_cholesterol_glucose_ratio,age|age_bmi|age_glucose|bmi|cholesterol|glucose|height|metabolic_product|weight,9,5.0,0.026,0.15572880900870076,0.007782771171525063
drop_height,age|age_bmi|age_glucose|bmi|cholesterol|cholesterol_glucose_ratio|glucose|metabolic_product|weight,9,5.0,0.018,0.15574021282690625,0.008433135070686227
drop_weight,age|age_bmi|age_glucose|bmi|cholesterol|cholesterol_glucose_ratio|glucose|height|metabolic_product,9,5.0,0.018,0.15578146600588733,0.00832099384318511
raw_only,age|cholesterol|glucose|height|weight,5,5.0,0.026,0.15580428741759816,0.0076828421968814925
drop_bmi,age|age_bmi|age_glucose|cholesterol|cholesterol_glucose_ratio|glucose|height|metabolic_product|weight,9,5.0,0.018,0.15580597338730542,0.008441510074001193
raw_plus_bmi,age|bmi|cholesterol|glucose|height|weight,6,5.0,0.022,0.15592576163034252,0.007823941275148672
drop_metabolic_product,age|age_bmi|age_glucose|bmi|cholesterol|cholesterol_glucose_ratio|glucose|height|weight,9,5.0,0.018,0.15592949093114264,0.008255358393018577
drop_glucose,age|age_bmi|age_glucose|bmi|cholesterol|cholesterol_glucose_ratio|height|metabolic_product|weight,9,5.0,0.018,0.15601019066966204,0.008455426397840695
raw_plus_ratios,age|bmi|cholesterol|cholesterol_glucose_ratio|glucose|height|weight,7,5.0,0.018,0.1560365851210943,0.008107079813274791
drop_cholesterol,age|age_bmi|age_glucose|bmi|cholesterol_glucose_ratio|glucose|height|metabolic_product|weight,9,5.0,0.018,0.15604916001815225,0.008281026158758288
drop_cholesterol_glucose_ratio,age|age_bmi|age_glucose|bmi|cholesterol|glucose|height|metabolic_product|weight,9,5.0,0.018,0.15610786042305297,0.008359580879982497
raw_only,age|cholesterol|glucose|height|weight,5,5.0,0.022,0.15611640381121084,0.007920889551464244
derived_only,age_bmi|age_glucose|bmi|cholesterol_glucose_ratio|metabolic_product,5,5.0,0.026,0.15636236473912388,0.008109360913244577
derived_only,age_bmi|age_glucose|bmi|cholesterol_glucose_ratio|metabolic_product,5,5.0,0.022,0.15654647864669938,0.008372908778358298
raw_plus_bmi,age|bmi|cholesterol|glucose|height|weight,6,5.0,0.018,0.15664611673282086,0.008124435436861222
raw_only,age|cholesterol|glucose|height|weight,5,5.0,0.018,0.156856366918891,0.008250425646357981
derived_only,age_bmi|age_glucose|bmi|cholesterol_glucose_ratio|metabolic_product,5,5.0,0.018,0.15722236322037406,0.008695991031915321
