method,mean_MAE,worst_meta_MAE,mean_improvement,worst_improvement,wins,meta_seed_314,meta_seed_728,meta_seed_1024,meta_seed_2026,meta_seed_7777
bin_shift_15,0.15820967898546673,0.15835319827323593,0.003360389983226858,0.0032168706954576465,5,0.15797684426832173,0.15806802559908456,0.15834895418741637,0.15830137259927501,0.15835319827323593
bin_shift_10,0.15885977718551111,0.15911437059240655,0.0027102917831824504,0.0024556983762870355,5,0.15865195413599728,0.1586920442123408,0.15891079738272681,0.15892971960408422,0.15911437059240655
bin_shift_5,0.15908988307481736,0.1591699818441792,0.0024801858938762024,0.002400087124514394,5,0.15897147356339802,0.15909058826033806,0.15907016018558223,0.1591472115205894,0.1591699818441792
isotonic,0.15998004763121534,0.1602872616568203,0.0015900213374782368,0.0012828073118732741,5,0.1598093366914843,0.15959457146456368,0.1601142016166016,0.16009486672660683,0.1602872616568203
shrink_1.10,0.16005906101356918,0.16008225718303745,0.0015110079551243993,0.001487811785656129,5,0.1600577253300386,0.16004998348326466,0.16008225718303745,0.16007080528053994,0.16003453379096527
quantile_linear_0.0,0.16019977849459083,0.1602314309274741,0.0013702904741027255,0.0013386380412194754,5,0.16017032976423665,0.16017783741586156,0.16019728843006156,0.1602314309274741,0.1602220059353204
quantile_linear_0.0001,0.16020080172183912,0.16023033539542633,0.0013692672468544498,0.0013397335732672488,5,0.1601711862222344,0.16018080628533093,0.1601980244567737,0.16023033539542633,0.1602236562494303
quantile_linear_0.001,0.16021958206821116,0.16024246274086146,0.0013504869004824283,0.0013276062278321232,5,0.16019301990473414,0.16020549645574655,0.16022614872503238,0.16023078251468123,0.16024246274086146
shrink_1.05,0.1603405514659503,0.1603585225152204,0.0012295175027433104,0.0012115464534731835,5,0.1603358180090286,0.16032563174983627,0.1603585225152204,0.1603455254117187,0.16033725964394738
shrink_1.02,0.16089435205645028,0.1609081771303877,0.000675716912243296,0.0006618918383058947,5,0.16088877665633852,0.1608894319644273,0.1609081771303877,0.16089883865896465,0.16088653587213328
identity,0.16157006896869358,0.16157006896869358,0.0,0.0,0,0.16157006896869358,0.16157006896869358,0.16157006896869358,0.16157006896869358,0.16157006896869358
median_shift,0.1615728305468169,0.16157531381516366,-2.76157812331701e-06,-5.244846470076059e-06,0,0.1615713454789519,0.161571222644026,0.161574895450973,0.16157531381516366,0.1615713753449699
shrink_0.98,0.16312484733629976,0.16313537854609444,-0.0015547783676061687,-0.001565309577400864,0,0.163108848280705,0.1631124904698346,0.16313308641192184,0.1631344329729429,0.16313537854609444
shrink_0.95,0.1656140941494624,0.1656375765252911,-0.004044025180768818,-0.004067507556597516,0,0.16559076579878768,0.16558386035627165,0.16562462107106177,0.1656336469958998,0.1656375765252911
shrink_0.90,0.16980912086571986,0.1698679036984414,-0.008239051897026279,-0.008297834729747822,0,0.16976848841685138,0.16976936262295034,0.16983592560900604,0.16980392398135014,0.1698679036984414
