C,epsilon,categorical_weight,gamma,mean_MAE,worst_seed_MAE,fold_std,seed_42,seed_77,seed_2026,mean_improvement_vs_v19,worst_improvement_vs_v19,wins_vs_v19
5.0,0.0,5.0,0.035,0.1562729656546297,0.15752381671643728,0.005802355438758481,0.15752381671643728,0.1564966653883252,0.15479841485912657,-5.551115123125783e-17,-8.326672684688674e-17,0
10.0,0.0,5.0,0.035,0.15627528869539142,0.15753382717066708,0.005800197052590565,0.15753382717066708,0.1564857578251002,0.15480628109040695,-2.3230407617813587e-06,-1.0010454229880672e-05,1
2.0,0.0,5.0,0.035,0.156308290805515,0.15756258496256556,0.005808666151538405,0.15756258496256556,0.15658089755943827,0.15478138989454115,-3.532515088536248e-05,-8.423217111305781e-05,1
1.0,0.0,5.0,0.035,0.1564377930683326,0.15768712470450147,0.005866320597840728,0.15768712470450147,0.15668409473889577,0.15494215976160058,-0.0001648274137029763,-0.00018742935057056154,0
5.0,0.0025,5.0,0.035,0.15699424824837835,0.15828119914536612,0.005778359883347734,0.15828119914536612,0.15720520473279623,0.15549634086697267,-0.0007212825937487066,-0.000757382428928921,0
10.0,0.0025,5.0,0.035,0.15699499521235025,0.158287098072633,0.005775438210593842,0.158287098072633,0.15719448878791284,0.15550339877650488,-0.0007220295577206048,-0.0007632813561957996,0
2.0,0.0025,5.0,0.035,0.15703578518467265,0.15831475301980164,0.005787436170184556,0.15831475301980164,0.15730147426824526,0.15549112826597103,-0.0007628195300430074,-0.0008048088799200437,0
1.0,0.0025,5.0,0.035,0.1571634049061719,0.1584307270100205,0.005850356018691298,0.1584307270100205,0.15741958426674493,0.15563990344175027,-0.0008904392515422707,-0.0009229188784197206,0
5.0,0.005,5.0,0.035,0.15781618174027648,0.15909783318933746,0.005765209289532362,0.15909783318933746,0.15805126855178686,0.15629944347970512,-0.0015432160856468462,-0.0015740164729002581,0
10.0,0.005,5.0,0.035,0.15781618174027648,0.15909783318933746,0.005765209289532362,0.15909783318933746,0.15805126855178686,0.15629944347970512,-0.0015432160856468462,-0.0015740164729002581,0
