bin,lower,upper,oof_count,shift
0,-inf,0.21276902821511706,250,-0.007367863405298196
1,0.21276902821511706,0.31861077843569235,250,-0.0698353396973335
2,0.31861077843569235,0.39796783902781646,250,-0.02866049063541842
3,0.39796783902781646,0.45120632617439277,250,-0.0018478798160371673
4,0.45120632617439277,0.4795427037946168,250,0.000147962277272398
5,0.4795427037946168,0.48915162390394945,250,-0.009197241912500171
6,0.48915162390394945,0.49347682818523875,250,0.008489027099395913
7,0.49347682818523875,0.5056126894197506,250,0.017084502858019514
8,0.5056126894197506,0.5408920901530956,250,0.001411527893053503
9,0.5408920901530956,0.6165626132175017,250,0.030351007495622966
10,0.6165626132175017,0.7157614997082881,250,0.049041924865683116
11,0.7157614997082881,inf,250,0.006253432237759442
