categorical_weight,C,gamma,mean_MAE,worst_seed_MAE,fold_std,seed_42,seed_77,seed_2026,mean_improvement_vs_v18,worst_improvement_vs_v18,wins_vs_v18
5.0,5.0,0.035,0.1562729656546297,0.15752381671643728,0.005802355438758481,0.15752381671643728,0.1564966653883252,0.15479841485912657,0.0006911188437174384,0.0004905111858797828,3
4.0,5.0,0.04,0.15631176540118596,0.15760541931070718,0.0057286481482847935,0.15760541931070718,0.15640513843043796,0.1549247384624127,0.0006523190971611803,0.000582038143767033,3
5.0,5.0,0.04,0.15631452903447285,0.15762675862574227,0.0056692279684913685,0.15762675862574227,0.15643421398515248,0.1548826144925238,0.0006495554638742777,0.0005529625890525192,3
6.0,5.0,0.035,0.1563714650819574,0.1576448553500914,0.005743666783150239,0.1576448553500914,0.1566056678488768,0.154863872046904,0.0005926194163897262,0.000381508725328189,3
4.0,5.0,0.035,0.15642976219474594,0.15766971459354887,0.005868157023402803,0.15766971459354887,0.15660715783124293,0.15501241415944608,0.0005343223036011665,0.00038001874296206273,3
6.0,5.0,0.04,0.15643828710598467,0.15776158493712394,0.005629934858819666,0.15776158493712394,0.15657442968442348,0.1549788466964066,0.0005257973923624518,0.00041274688978151786,3
3.5,5.0,0.04,0.15650265650040707,0.15780317546309344,0.0057102534336497795,0.15780317546309344,0.15654367616016057,0.15516111787796716,0.0004614279979400689,0.00043953858220674435,3
6.0,5.0,0.03,0.15658474246179174,0.15781487983347145,0.00589880510806347,0.15781487983347145,0.1569256532765452,0.1550136942753586,0.0003793420365553746,6.152329765979347e-05,3
5.0,5.0,0.03,0.15658766687799044,0.15778923289447425,0.005984841840844723,0.15778923289447425,0.15693435305321188,0.15503941468628527,0.00037641762035666343,5.282352099311716e-05,3
3.5,5.0,0.035,0.1567478557855129,0.157995947482472,0.0058464583855258835,0.157995947482472,0.1568770818130825,0.1553705380609842,0.0002162287128342303,0.00011009476112250338,3
