variant,C,gamma,screen_MAE,fold_std,n_features
lifestyle_plus_sex,1.5,0.08,0.16328827951551467,0.0057162943868899535,78
lifestyle_plus_sex,1.0,0.08,0.16333357245170999,0.0057299152601142656,78
lifestyle_plus_sex,0.7,0.08,0.16351485975689012,0.005830474872185338,78
lifestyle_plus_sex,1.5,0.1,0.1641463913635751,0.005760259354636844,78
lifestyle_plus_sex,1.0,0.1,0.1641573303494115,0.005763288877712833,78
lifestyle_plus_sex,0.7,0.1,0.16421117196693522,0.005809916630238641,78
all_lifestyle,1.5,0.08,0.16471492323613837,0.00579386698897618,64
all_lifestyle,1.0,0.08,0.16471843923246698,0.005806787467805851,64
pair_categories,1.0,0.08,0.16496964339204712,0.0060117691066588295,58
all_lifestyle,1.5,0.1,0.16498547993151363,0.00594285868376951,64
all_lifestyle,1.0,0.1,0.1649885447266163,0.005946255991756893,64
all_lifestyle,0.7,0.08,0.16499604388744055,0.006006113997637013,64
pair_categories,1.5,0.08,0.16500168076366553,0.006020739495755473,58
all_lifestyle,0.7,0.1,0.1650501586183278,0.005994105648429834,64
pair_categories,1.5,0.1,0.16506233319656888,0.006065507674167108,58
pair_categories,1.0,0.1,0.16507645945735813,0.006072252334309959,58
pair_categories,0.7,0.1,0.16513341049912508,0.006111609260307033,58
pair_categories,0.7,0.08,0.16534285341024682,0.006217492057230743,58
sex_physiology,1.5,0.1,0.16542631331349514,0.00637227215206648,69
lifestyle_plus_sex,1.5,0.12,0.16543178598669978,0.005814700864153807,78
lifestyle_plus_sex,1.0,0.12,0.16543950862262216,0.005815934422562983,78
sex_physiology,1.0,0.1,0.1654505766121559,0.006374229164650711,69
lifestyle_plus_sex,0.7,0.12,0.16546218035390806,0.005829987054898757,78
triple_category,1.5,0.1,0.1655776702700638,0.006175270988134312,56
triple_category,1.0,0.1,0.1655987135541589,0.006196969989547594,56
sex_physiology,0.7,0.1,0.1656280587534816,0.006367808384982094,69
sex_physiology,1.5,0.08,0.1656626743672208,0.006301125495040217,69
triple_category,0.7,0.1,0.16569097266460875,0.006234162483285721,56
sex_physiology,1.0,0.08,0.16575485824024425,0.006286731976001182,69
numeric_products,1.5,0.1,0.1657730593722625,0.006110663558218078,60
triple_category,1.0,0.08,0.16578792436854192,0.006084127607308143,56
triple_category,1.5,0.08,0.16579271840397983,0.006069362893996292,56
numeric_products,1.0,0.1,0.1657966342777083,0.006131069628705532,60
all_lifestyle,1.5,0.12,0.16587939862919518,0.006054999986103092,64
all_lifestyle,1.0,0.12,0.16588493002990606,0.006054103269650325,64
all_lifestyle,0.7,0.12,0.16588509399528958,0.006076370593407476,64
numeric_products,0.7,0.1,0.16589627630154963,0.006160306677512718,60
pair_categories,1.5,0.12,0.1659014339593141,0.006149386707590635,58
pair_categories,0.7,0.12,0.16590777825730332,0.006161368486757466,58
pair_categories,1.0,0.12,0.1659084688472546,0.0061441147022836245,58
numeric_products,1.5,0.08,0.16595820658761695,0.006033344991239414,60
numeric_products,1.0,0.08,0.16596217298316446,0.006061193424308539,60
sex_physiology,1.5,0.12,0.16615360183568628,0.006352105008507303,69
sex_physiology,1.0,0.12,0.16618420253355373,0.006356352332193019,69
baseline,1.0,0.1,0.16619542361877743,0.0062790720591656074,55
baseline,1.5,0.1,0.1662131913669079,0.006258825706424312,55
sex_physiology,0.7,0.08,0.16621774303883072,0.006247679633996096,69
triple_category,1.5,0.12,0.16622846182304452,0.006252908728142526,56
triple_category,1.0,0.12,0.16624240392836878,0.006251783267663796,56
triple_category,0.7,0.12,0.16624927725955088,0.006272846868393221,56
sex_physiology,0.7,0.12,0.16626548660040175,0.00637362924139635,69
triple_category,0.7,0.08,0.1663340225600424,0.0062759931942338075,56
baseline,0.7,0.1,0.16637931576231138,0.006307568821213777,55
numeric_products,1.5,0.12,0.1664153332748179,0.006223800366596978,60
numeric_products,1.0,0.12,0.1664257413976746,0.006221128432084892,60
numeric_products,0.7,0.08,0.1664336723659323,0.006177984944744401,60
numeric_products,0.7,0.12,0.16643557191628505,0.006247881683173849,60
baseline,1.5,0.12,0.16659128497029216,0.00632781091553666,55
baseline,1.0,0.12,0.1666043399939286,0.006338588113889884,55
baseline,0.7,0.12,0.16663666081983616,0.006343890854258651,55
baseline,1.5,0.08,0.16668688454805997,0.0061067149481582,55
baseline,1.0,0.08,0.16671740939842197,0.0061201718914071735,55
baseline,0.7,0.08,0.1674451388668305,0.006221031047431939,55
