C,gamma,epsilon,screen_MAE,screen_fold_std
4.0,0.16,0.0,0.17090948882045032,0.0069502225177901335
2.0,0.16,0.0,0.17091602611622522,0.006936566349558521
3.0,0.16,0.0,0.17091669007244933,0.006946713454563086
1.0,0.16,0.0,0.1709173990188676,0.006886527369247314
4.0,0.13,0.0,0.17099837570652066,0.006948292800115978
2.0,0.13,0.0,0.17100252137952976,0.0069118046405692996
3.0,0.13,0.0,0.17100338865275133,0.006935318649299612
1.0,0.13,0.0,0.17112094234628383,0.0068448306439605165
2.0,0.2,0.0,0.17179192122497963,0.006828739716525236
3.0,0.2,0.0,0.17179670294671537,0.006829084966590226
4.0,0.2,0.0,0.17180161678303799,0.006832907483530069
1.0,0.2,0.0,0.17180324567321115,0.006804248172494542
3.0,0.1,0.0,0.1724718240293957,0.006928723555373267
4.0,0.1,0.0,0.17247577512262055,0.006945943410723874
2.0,0.1,0.0,0.1724832364591055,0.006922456014515402
0.5,0.2,0.0,0.17277080286565139,0.006622118182430821
1.0,0.1,0.0,0.1731024313394706,0.006461793029425529
0.5,0.16,0.0,0.17342239483500793,0.0063689016220155525
3.0,0.08,0.0,0.17479091670811053,0.007049420499715123
4.0,0.08,0.0,0.17484775554912957,0.007028467549681971
2.0,0.08,0.0,0.17490502899362007,0.006861150526608047
0.5,0.13,0.0,0.17622615201864306,0.006297870529351021
1.0,0.08,0.0,0.1780884586949309,0.006062609749973809
4.0,0.06,0.0,0.17880711683474268,0.007336209590408889
3.0,0.06,0.0,0.17888927789237294,0.007170459260957229
2.0,0.06,0.0,0.18037286992566226,0.006632770326086235
0.5,0.1,0.0,0.18417574478119164,0.006088200461472337
0.3,0.2,0.0,0.1859978638229784,0.005636726135153265
0.3,0.16,0.0,0.1882958848550561,0.005525307600246772
1.0,0.06,0.0,0.19041077390412126,0.006776651210640023
0.3,0.13,0.0,0.19257163556944093,0.005409540620989358
0.5,0.08,0.0,0.1938223474531016,0.005801928598988721
0.3,0.1,0.0,0.20060897795940058,0.005122937150812632
0.5,0.06,0.0,0.20754011400562292,0.005918656019402876
0.3,0.08,0.0,0.20863757835316038,0.0048521461651818715
0.3,0.06,0.0,0.2185235842796335,0.00482477634683223
