variant,C,gamma,n_features,mean_MAE,worst_seed_MAE,fold_std,seed_42,seed_77,seed_2026,mean_improvement_vs_v11,worst_improvement_vs_v11,wins_vs_v11
full,3.0,0.08,78,0.16217867545646533,0.16326204630755198,0.005115292066223453,0.16326204630755198,0.1619541800023089,0.16131980005953503,-5.491100929807165e-06,-8.653373362393912e-06,1
no_numeric_lifestyle,5.0,0.08,73,0.16234069390950448,0.16338625000055793,0.005157935437960791,0.16338625000055793,0.16205094925340066,0.16158488247455483,-0.0001675095539689734,-0.00027328124244113683,0
no_raw_lifestyle,5.0,0.08,75,0.16255547962157982,0.1636406052999279,0.0051373594454101204,0.1636406052999279,0.16232854109328615,0.16169729247152537,-0.0003822952660443117,-0.0003856912394116785,0
no_ordinals,5.0,0.08,72,0.1628408829816971,0.16407316361546465,0.00523046374582468,0.16407316361546465,0.16261224426506832,0.16183724106455835,-0.0006676986261616077,-0.0008107384099183546,0
no_weight_copies,5.0,0.08,68,0.16340052623503312,0.16453182177575723,0.005395047036745796,0.16453182177575723,0.16342702619331176,0.16224273073603043,-0.0012273418794976436,-0.0014814995643652462,0
no_sex_interactions,3.0,0.08,64,0.16353560112698703,0.1646945554179275,0.0052402308978641956,0.1646945554179275,0.1632223353526514,0.1626899126103822,-0.0013624167714515374,-0.0014321302123811996,0
no_pairs,5.0,0.08,74,0.16361592991892668,0.16462544376744795,0.005160244890398886,0.16462544376744795,0.16337210264676233,0.16285024334256967,-0.001442745563391153,-0.0015386421104559844,0
no_history,3.0,0.08,73,0.1643989205181489,0.1652866025325246,0.005240497520288881,0.1652866025325246,0.16416661567783275,0.16374354334408936,-0.00222573616261341,-0.0024319421119756712,0
compact,3.0,0.08,60,0.1660513917242664,0.16668810467631984,0.005448336542933189,0.16668810467631984,0.16621734881548583,0.16524872168099353,-0.0038782073687309015,-0.00427182218653932,0
