n_bins,bin_weight,categorical_weight,C,gamma,mean_MAE,worst_seed_MAE,fold_std,seed_42,seed_77,seed_2026,mean_improvement_vs_v25,worst_improvement_vs_v25,wins_vs_v25
4,1.3,7.0,5.0,0.018,0.1547597668678271,0.15603258770803133,0.005784810393557218,0.15603258770803133,0.15469748428826782,0.15354922860718218,0.0002524101810817229,0.00016703909047166565,3
4,1.3,6.0,5.0,0.018,0.1547722922749719,0.15609053486964058,0.005820645553213982,0.15609053486964058,0.1546341966768913,0.15359214527838383,0.00023988477393692884,0.00022566558150502458,3
4,1.0,6.0,5.0,0.022,0.1548636030875227,0.15614471891177548,0.0057552381404068495,0.15614471891177548,0.15480979207263565,0.153636298278157,0.00014857396138612255,5.473130610383903e-05,3
4,1.0,7.0,5.0,0.022,0.15494084047303305,0.15622334726298204,0.005703990215056736,0.15622334726298204,0.1549282046118933,0.15367096954422385,7.133657587576892e-05,-6.368123315381169e-05,2
4,1.0,5.0,5.0,0.022,0.15497583304415538,0.15631583478428768,0.005793489337922347,0.15631583478428768,0.15483709433059914,0.15377457001757933,3.63440047534506e-05,3.656668579321565e-07,3
4,1.0,6.0,5.0,0.025,0.15500730171188648,0.15628524674725816,0.00560799830092643,0.15628524674725816,0.15492553145315596,0.15381112693524532,4.875337022351249e-06,-6.100807441647427e-05,2
4,1.0,5.0,5.0,0.025,0.1550121770489089,0.15631620045114566,0.005650885152373021,0.15631620045114566,0.15486452337873957,0.15385580731684143,-5.551115123125783e-17,-8.326672684688674e-17,0
4,1.6,7.0,5.0,0.018,0.155040066732103,0.15629901072072377,0.005616782414766563,0.15629901072072377,0.15493878274962553,0.15388240672595968,-2.7889683194161814e-05,-7.425937088603729e-05,1
4,1.6,6.0,5.0,0.018,0.15504130134420377,0.15633083148377053,0.005628523738263998,0.15633083148377053,0.15485934797144443,0.15393372457739626,-2.9124295294909636e-05,-7.791726055486614e-05,1
4,1.3,6.0,5.0,0.022,0.15505526555041008,0.15632334547215948,0.005593514504583751,0.15632334547215948,0.15493517017671138,0.15390728100235943,-4.308850150126312e-05,-7.064679797189055e-05,0
4,1.0,7.0,5.0,0.025,0.15509112945354753,0.1563602447312868,0.005571228220866502,0.1563602447312868,0.15505111147771636,0.15386203215163943,-7.895240463869542e-05,-0.0001865880989768698,0
4,1.3,7.0,5.0,0.022,0.15510907746802302,0.1563655654802201,0.00557475072600606,0.1563655654802201,0.15504359243110508,0.15391807449274392,-9.690041911419867e-05,-0.000179069052365588,0
