variant,physiology_weight,baseline_weight,round2,mean_MAE,worst_seed_MAE,seed_42,seed_77,seed_2026,mean_improvement,worst_improvement,wins
age_phys,0.8,0.19999999999999996,True,0.14604444444444442,0.14797666666666665,0.14797666666666665,0.14577333333333334,0.14438333333333334,0.0005122222222222195,0.0003499999999999892,3
age_phys,1.0,0.0,False,0.1460122222222222,0.14795333333333333,0.14795333333333333,0.14567999999999998,0.14440333333333336,0.00054444444444444,0.0003299999999999692,3
age_phys,1.0,0.0,True,0.1460122222222222,0.14795333333333333,0.14795333333333333,0.14567999999999998,0.14440333333333336,0.00054444444444444,0.0003299999999999692,3
age_phys,0.95,0.050000000000000044,False,0.14602766666666667,0.14797116666666665,0.14797116666666665,0.145702,0.14440983333333335,0.0005289999999999925,0.0003234999999999766,3
age_phys,0.95,0.050000000000000044,True,0.14601444444444445,0.14795333333333333,0.14795333333333333,0.14567999999999998,0.14441,0.0005422222222222217,0.0003233333333333144,3
age_phys,0.9,0.09999999999999998,False,0.14604311111111112,0.14798899999999998,0.14798899999999998,0.14572400000000002,0.14441633333333334,0.0005135555555555449,0.00031699999999998396,3
age_phys,0.9,0.09999999999999998,True,0.14602777777777778,0.14798666666666668,0.14798666666666668,0.14567666666666665,0.14442,0.0005288888888888843,0.00031333333333333213,3
age_phys,0.85,0.15000000000000002,False,0.14605866666666667,0.14800683333333334,0.14800683333333334,0.14574633333333334,0.14442283333333333,0.0004979999999999892,0.00031049999999999134,3
age_phys,0.85,0.15000000000000002,True,0.14604555555555554,0.14800333333333332,0.14800333333333332,0.14571,0.14442333333333332,0.0005111111111111103,0.0003100000000000047,3
age_phys,0.8,0.19999999999999996,False,0.14607488888888887,0.14802466666666667,0.14802466666666667,0.14577066666666666,0.14442933333333333,0.0004817777777777754,0.0003039999999999987,3
age_phys,0.75,0.25,False,0.14609277777777777,0.14804583333333332,0.14804583333333332,0.14579666666666666,0.14443583333333335,0.0004638888888888841,0.00029749999999997834,3
age_phys,0.75,0.25,True,0.14607,0.14799666666666667,0.14799666666666667,0.1457766666666667,0.14443666666666666,0.00048666666666665376,0.0002966666666666673,3
age_phys,0.7,0.30000000000000004,False,0.1461128888888889,0.14806833333333336,0.14806833333333336,0.145824,0.14444633333333334,0.0004437777777777559,0.0002869999999999817,3
age_phys,0.65,0.35,False,0.14613366666666666,0.14809183333333334,0.14809183333333334,0.14585133333333333,0.14445783333333334,0.0004229999999999882,0.0002754999999999841,3
age_phys,0.6,0.4,False,0.14615622222222222,0.14811733333333332,0.14811733333333332,0.14587999999999998,0.14447133333333334,0.000400444444444444,0.00026199999999998447,3
age_phys,0.6,0.4,True,0.14615666666666668,0.14812999999999998,0.14812999999999998,0.14586333333333334,0.14447666666666667,0.00039999999999999297,0.00025666666666665505,3
age_phys,0.5,0.5,True,0.14623555555555556,0.14824,0.14824,0.14599,0.14447666666666667,0.0003211111111110961,0.00025666666666665505,3
age_phys,0.55,0.44999999999999996,False,0.1461812222222222,0.1481455,0.1481455,0.14591166666666666,0.1444865,0.00037544444444443753,0.000246833333333335,3
age_phys,0.65,0.35,True,0.14612777777777777,0.14807666666666666,0.14807666666666666,0.14582,0.14448666666666665,0.00042888888888888604,0.0002466666666666728,3
age_phys,0.7,0.30000000000000004,True,0.14611444444444444,0.14804333333333333,0.14804333333333333,0.14581333333333332,0.14448666666666668,0.00044222222222221424,0.00024666666666664505,3
age_phys,0.45,0.55,True,0.1462422222222222,0.14821333333333334,0.14821333333333334,0.14601333333333333,0.1445,0.00031444444444444125,0.0002333333333333354,3
age_phys,0.5,0.5,False,0.14620666666666668,0.148175,0.148175,0.14594333333333334,0.14450166666666667,0.0003499999999999892,0.0002316666666666578,3
age_phys,0.55,0.44999999999999996,True,0.1461711111111111,0.14813666666666667,0.14813666666666667,0.14587333333333333,0.14450333333333332,0.00038555555555555565,0.00023000000000000798,3
age_phys,0.45,0.55,False,0.146235,0.14820650000000002,0.14820650000000002,0.14597766666666667,0.14452083333333332,0.0003216666666666553,0.00021250000000000435,3
full_physiology,0.6,0.4,True,0.14621777777777775,0.14797333333333332,0.14797333333333332,0.14617666666666665,0.14450333333333332,0.00033888888888889784,0.00021000000000001573,3
age_phys,0.4,0.6,True,0.14625666666666667,0.14822,0.14822,0.14602333333333334,0.14452666666666666,0.0002999999999999947,0.00020666666666666056,3
metabolic_age,0.5,0.5,True,0.14619333333333331,0.14802666666666667,0.14802666666666667,0.14618333333333333,0.14437,0.0003633333333333266,0.00020333333333333314,3
full_physiology,0.55,0.44999999999999996,True,0.14622888888888888,0.14798666666666668,0.14798666666666668,0.14617,0.14453000000000002,0.0003277777777777602,0.0002033333333333054,3
age_phys,0.35,0.65,True,0.1462988888888889,0.14829333333333333,0.14829333333333333,0.14607333333333333,0.14453000000000002,0.00025777777777776417,0.0002033333333333054,3
full_physiology,0.65,0.35,True,0.1461744444444444,0.14786333333333332,0.14786333333333332,0.14612666666666665,0.14453333333333332,0.00038222222222222824,0.00020000000000000573,3
metabolic_age,0.75,0.25,True,0.14607444444444442,0.14779333333333333,0.14779333333333333,0.14619333333333334,0.14423666666666665,0.0004822222222222172,0.00019333333333332314,3
full_physiology,0.5,0.5,True,0.14624555555555555,0.14802,0.14802,0.14619333333333334,0.14452333333333334,0.00031111111111109535,0.00019333333333332314,3
age_phys,0.4,0.6,False,0.14626377777777777,0.14823933333333333,0.14823933333333333,0.146012,0.14454,0.0002928888888888796,0.00019333333333332314,3
full_physiology,0.6,0.4,False,0.14623,0.14799333333333334,0.14799333333333334,0.146198,0.14449866666666666,0.0003266666666666603,0.0001886666666666703,3
full_physiology,0.55,0.44999999999999996,False,0.14624511111111113,0.1480275,0.1480275,0.14620016666666666,0.14450766666666667,0.0003115555555555464,0.0001865000000000061,3
full_physiology,0.65,0.35,False,0.14621722222222222,0.14796083333333332,0.14796083333333332,0.1462011666666667,0.14448966666666666,0.0003394444444444385,0.00018549999999997735,3
full_physiology,0.5,0.5,False,0.14626111111111112,0.14806166666666667,0.14806166666666667,0.146205,0.14451666666666668,0.00029555555555553964,0.0001816666666666633,3
full_physiology,0.75,0.25,True,0.14619444444444443,0.14787999999999998,0.14787999999999998,0.14620666666666665,0.14449666666666666,0.0003622222222222267,0.00018000000000001348,3
full_physiology,0.7,0.30000000000000004,False,0.14620733333333333,0.14793033333333333,0.14793033333333333,0.14620766666666665,0.144484,0.0003493333333333311,0.00017900000000001248,3
metabolic_age,0.6,0.4,True,0.14610666666666666,0.14787666666666666,0.14787666666666666,0.14621,0.14423333333333332,0.0004499999999999967,0.0001766666666666583,3
metabolic_age,0.55,0.44999999999999996,True,0.1461255555555556,0.14789333333333335,0.14789333333333335,0.14621,0.14427333333333334,0.00043111111111109507,0.0001766666666666583,3
full_physiology,0.7,0.30000000000000004,True,0.14617333333333335,0.14784,0.14784,0.14612333333333333,0.14455666666666667,0.00038333333333332814,0.0001766666666666583,3
age_phys,0.35,0.65,False,0.14629433333333333,0.14827483333333333,0.14827483333333333,0.14604899999999998,0.14455916666666668,0.00026233333333332737,0.00017416666666664193,3
full_physiology,0.45,0.55,False,0.14628133333333335,0.14810183333333335,0.14810183333333335,0.14621316666666667,0.14452900000000002,0.0002753333333333126,0.0001734999999999931,3
metabolic_age,0.6,0.4,False,0.1461628888888889,0.14797400000000002,0.14797400000000002,0.146214,0.1443006666666667,0.0003937777777777522,0.0001726666666666543,3
metabolic_age,0.65,0.35,False,0.14614155555555555,0.14793599999999998,0.14793599999999998,0.14621516666666667,0.1442735,0.0004151111111111068,0.0001714999999999911,3
full_physiology,0.75,0.25,False,0.14620055555555558,0.14790416666666667,0.14790416666666667,0.14621583333333335,0.14448166666666667,0.0003561111111110941,0.00017083333333331452,3
metabolic_age,0.55,0.44999999999999996,False,0.14618644444444442,0.14801533333333333,0.14801533333333333,0.14621616666666667,0.14432783333333335,0.00037022222222220697,0.0001704999999999901,3
metabolic_age,0.7,0.30000000000000004,False,0.14612266666666665,0.14790133333333333,0.14790133333333333,0.1462183333333333,0.14424833333333334,0.0004339999999999992,0.00016833333333335365,3
metabolic_age,0.5,0.5,False,0.14620999999999998,0.14805666666666667,0.14805666666666667,0.1462183333333333,0.144355,0.0003466666666666618,0.00016833333333335365,3
metabolic_age,0.75,0.25,False,0.146105,0.14786833333333332,0.14786833333333332,0.1462225,0.14422416666666668,0.0004516666666666558,0.0001641666666666597,3
metabolic_age,0.65,0.35,True,0.14610444444444445,0.14786,0.14786,0.14622333333333334,0.14423,0.000452222222222215,0.0001633333333333209,3
full_physiology,0.4,0.6,False,0.14630333333333334,0.14814333333333335,0.14814333333333335,0.14622400000000002,0.14454266666666668,0.00025333333333330915,0.0001626666666666443,3
metabolic_age,0.45,0.55,False,0.14623811111111112,0.14810066666666669,0.14810066666666669,0.14622616666666668,0.1443875,0.0003185555555555349,0.0001604999999999801,3
metabolic_age,0.45,0.55,True,0.14629444444444442,0.14822000000000002,0.14822000000000002,0.14622666666666664,0.14443666666666666,0.00026222222222221925,0.00016000000000002124,3
metabolic_age,0.8,0.19999999999999996,True,0.1460733333333333,0.14779666666666666,0.14779666666666666,0.14622666666666667,0.14419666666666667,0.00048333333333332634,0.00015999999999999348,3
full_physiology,0.8,0.19999999999999996,False,0.1461997777777778,0.14788199999999999,0.14788199999999999,0.14623066666666668,0.14448666666666668,0.0003568888888888788,0.00015599999999998948,3
metabolic_age,0.8,0.19999999999999996,False,0.1460917777777778,0.147838,0.147838,0.146232,0.14420533333333332,0.0004648888888888851,0.00015466666666666407,3
full_physiology,0.4,0.6,True,0.14630888888888888,0.14816333333333334,0.14816333333333334,0.14623333333333333,0.14453,0.0002477777777777727,0.00015333333333333865,3
metabolic_age,0.35,0.65,True,0.14632888888888887,0.14825333333333332,0.14825333333333332,0.14623333333333333,0.1445,0.00022777777777778044,0.00015333333333333865,3
full_physiology,0.45,0.55,True,0.14629,0.14813666666666667,0.14813666666666667,0.14623333333333335,0.1445,0.0002666666666666558,0.0001533333333333109,3
age_phys,0.3,0.7,False,0.14632844444444446,0.14831233333333332,0.14831233333333332,0.146092,0.144581,0.00022822222222222224,0.00015233333333333765,3
metabolic_age,0.4,0.6,False,0.14626733333333333,0.14814466666666667,0.14814466666666667,0.14623733333333333,0.14442,0.0002893333333333266,0.00014933333333333465,3
full_physiology,0.35,0.65,False,0.1463272222222222,0.14818583333333332,0.14818583333333332,0.1462385,0.14455733333333334,0.00022944444444443954,0.00014816666666667144,3
metabolic_age,0.4,0.6,True,0.1463177777777778,0.14823666666666668,0.14823666666666668,0.14624,0.14447666666666667,0.00023888888888887183,0.00014666666666665606,3
metabolic_age,0.85,0.15000000000000002,False,0.14608022222222225,0.14780933333333332,0.14780933333333332,0.14624150000000002,0.14418983333333332,0.00047644444444443673,0.0001451666666666407,3
metabolic_age,0.85,0.15000000000000002,True,0.14605333333333334,0.14778,0.14778,0.14624333333333334,0.14413666666666666,0.0005033333333333279,0.00014333333333332865,3
age_phys,0.3,0.7,True,0.1463211111111111,0.14826999999999999,0.14826999999999999,0.1461033333333333,0.14459,0.00023555555555556293,0.00014333333333332865,3
metabolic_age,0.9,0.09999999999999998,True,0.14605888888888888,0.14779,0.14779,0.14624666666666666,0.14414,0.0004977777777777729,0.00014000000000000123,3
full_physiology,0.85,0.15000000000000002,False,0.14620199999999997,0.14786316666666666,0.14786316666666666,0.14624716666666665,0.14449566666666666,0.0003546666666666698,0.0001395000000000146,3
metabolic_age,0.35,0.65,False,0.1462971111111111,0.14819033333333334,0.14819033333333334,0.1462485,0.1444525,0.00025955555555554066,0.00013816666666666144,3
age_phys,0.25,0.75,True,0.1463811111111111,0.14837999999999998,0.14837999999999998,0.14616666666666667,0.14459666666666668,0.00017555555555554916,0.00013666666666664606,3
metabolic_age,0.9,0.09999999999999998,False,0.14606933333333333,0.14778266666666667,0.14778266666666667,0.146251,0.14417433333333335,0.00048733333333332113,0.00013566666666667282,3
metabolic_age,0.7,0.30000000000000004,True,0.1461011111111111,0.14784,0.14784,0.14625333333333332,0.14421,0.00045555555555555166,0.0001333333333333464,3
full_physiology,0.3,0.7,False,0.14635355555555554,0.148233,0.148233,0.146255,0.14457266666666665,0.0002031111111111076,0.00013166666666666882,3
age_phys,0.25,0.75,False,0.14636444444444444,0.14835083333333335,0.14835083333333335,0.14613833333333334,0.14460416666666667,0.00019222222222220475,0.00012916666666665244,3
metabolic_age,0.95,0.050000000000000044,False,0.14605855555555555,0.14775633333333332,0.14775633333333332,0.1462605,0.14415883333333332,0.0004981111111111158,0.0001261666666666772,3
metabolic_age,0.3,0.7,False,0.14632933333333334,0.14823933333333333,0.14823933333333333,0.14626233333333336,0.14448633333333333,0.00022733333333332015,0.00012433333333330965,3
metabolic_age,0.95,0.050000000000000044,True,0.14604666666666669,0.14773333333333333,0.14773333333333333,0.14626333333333333,0.14414333333333335,0.0005099999999999919,0.0001233333333333364,3
full_physiology,0.9,0.09999999999999998,False,0.146206,0.147847,0.147847,0.14626499999999998,0.14450600000000002,0.0003506666666666565,0.00012166666666668657,3
full_physiology,0.8,0.19999999999999996,True,0.14621222222222222,0.14790666666666666,0.14790666666666666,0.14626666666666666,0.14446333333333333,0.0003444444444444435,0.00012000000000000899,3
metabolic_age,0.3,0.7,True,0.14635444444444443,0.14828000000000002,0.14828000000000002,0.14626999999999998,0.14451333333333333,0.00020222222222221475,0.00011666666666668157,3
metabolic_age,1.0,0.0,False,0.1460477777777778,0.14773,0.14773,0.14627,0.14414333333333335,0.0005088888888888735,0.00011666666666665382,3
metabolic_age,1.0,0.0,True,0.1460477777777778,0.14773,0.14773,0.14627,0.14414333333333335,0.0005088888888888735,0.00011666666666665382,3
full_physiology,0.25,0.75,False,0.14638166666666666,0.14828249999999998,0.14828249999999998,0.1462725,0.14459,0.00017499999999999924,0.0001141666666666652,3
metabolic_age,0.25,0.75,False,0.14636333333333332,0.14829,0.14829,0.14627916666666668,0.14452083333333332,0.00019333333333332314,0.00010749999999998261,3
full_physiology,0.9,0.09999999999999998,True,0.14620888888888892,0.14783666666666667,0.14783666666666667,0.14628000000000002,0.14451,0.0003477777777777617,0.00010666666666664382,3
full_physiology,0.95,0.050000000000000044,True,0.14621222222222222,0.14783,0.14783,0.14628000000000002,0.14452666666666666,0.0003444444444444343,0.00010666666666664382,3
age_phys,0.2,0.8,False,0.14640111111111112,0.14839066666666667,0.14839066666666667,0.14618533333333333,0.14462733333333333,0.00015555555555554768,0.00010599999999999499,3
full_physiology,0.95,0.050000000000000044,False,0.14621244444444445,0.14783683333333333,0.14783683333333333,0.14628416666666666,0.14451633333333333,0.000344222222222218,0.00010250000000000536,3
full_physiology,0.2,0.8,True,0.1464011111111111,0.14830333333333331,0.14830333333333331,0.14626333333333333,0.14463666666666666,0.00015555555555555692,9.666666666666157e-05,3
full_physiology,0.2,0.8,False,0.14641355555555555,0.14833333333333334,0.14833333333333334,0.14629133333333333,0.144616,0.0001431111111111031,9.533333333333616e-05,3
full_physiology,0.85,0.15000000000000002,True,0.14621666666666666,0.14788333333333334,0.14788333333333334,0.14629333333333333,0.14447333333333331,0.0003399999999999977,9.333333333333416e-05,3
metabolic_age,0.2,0.8,True,0.14641111111111113,0.14838333333333334,0.14838333333333334,0.14629666666666666,0.14455333333333334,0.00014555555555554692,9.000000000000674e-05,3
metabolic_age,0.2,0.8,False,0.1463997777777778,0.14834066666666668,0.14834066666666668,0.14629933333333334,0.14455933333333335,0.0001568888888888731,8.733333333332816e-05,3
full_physiology,1.0,0.0,False,0.1462188888888889,0.14782666666666666,0.14782666666666666,0.1463033333333333,0.14452666666666666,0.00033777777777777945,8.333333333335191e-05,3
full_physiology,1.0,0.0,True,0.1462188888888889,0.14782666666666666,0.14782666666666666,0.1463033333333333,0.14452666666666666,0.00033777777777777945,8.333333333335191e-05,3
full_physiology,0.3,0.7,True,0.14636555555555555,0.14828666666666668,0.14828666666666668,0.1463033333333333,0.14450666666666667,0.00019111111111110488,8.333333333335191e-05,3
full_physiology,0.35,0.65,True,0.1463677777777778,0.14828666666666665,0.14828666666666665,0.14630333333333334,0.14451333333333333,0.00018888888888888658,8.333333333332416e-05,3
full_physiology,0.15,0.85,True,0.1464277777777778,0.14835999999999996,0.14835999999999996,0.14627333333333334,0.14465000000000003,0.00012888888888888209,8.33333333332964e-05,3
age_phys,0.15,0.85,False,0.14643944444444446,0.1484305,0.1484305,0.14623566666666665,0.14465216666666667,0.00011722222222222227,8.116666666665995e-05,3
full_physiology,0.15,0.85,False,0.14644777777777776,0.1483875,0.1483875,0.14631316666666666,0.14464266666666667,0.0001088888888888806,7.350000000000412e-05,3
age_phys,0.2,0.8,True,0.14642444444444444,0.14843333333333333,0.14843333333333333,0.14617999999999998,0.14466,0.00013222222222221877,7.333333333331415e-05,3
age_phys,0.15,0.85,True,0.14645666666666668,0.14844,0.14844,0.14627,0.14466,9.999999999998899e-05,7.333333333331415e-05,3
metabolic_age,0.25,0.75,True,0.14640555555555557,0.14837,0.14837,0.14631666666666665,0.14453000000000002,0.00015111111111110187,7.00000000000145e-05,3
metabolic_age,0.15,0.85,False,0.14643811111111107,0.14839133333333332,0.14839133333333332,0.14632116666666664,0.14460183333333335,0.00011855555555555693,6.550000000002387e-05,3
full_physiology,0.25,0.75,True,0.14641555555555555,0.14831333333333332,0.14831333333333332,0.14632333333333333,0.14461,0.00014111111111111038,6.333333333333191e-05,3
metabolic_age,0.15,0.85,True,0.14646555555555554,0.14842999999999998,0.14842999999999998,0.14632666666666666,0.14464000000000002,9.111111111110663e-05,6.0000000000004494e-05,3
age_phys,0.1,0.9,False,0.14647844444444444,0.14847033333333334,0.14847033333333334,0.146286,0.144679,7.822222222221102e-05,5.433333333332291e-05,3
full_physiology,0.1,0.9,False,0.14648333333333338,0.1484416666666667,0.1484416666666667,0.14633766666666667,0.1446706666666667,7.33333333333049e-05,4.899999999999349e-05,3
metabolic_age,0.1,0.9,False,0.14647755555555556,0.148444,0.148444,0.146343,0.14464566666666667,7.911111111110387e-05,4.366666666666408e-05,3
full_physiology,0.1,0.9,True,0.14649777777777778,0.14848333333333333,0.14848333333333333,0.14635,0.14466,5.8888888888876854e-05,3.666666666665708e-05,3
risk_allostatic,0.15,0.85,True,0.1464711111111111,0.14844666666666667,0.14844666666666667,0.14626,0.14470666666666668,8.555555555554244e-05,2.6666666666647076e-05,3
metabolic_age,0.1,0.9,True,0.14650666666666667,0.14848,0.14848,0.14633333333333334,0.14470666666666668,4.9999999999985244e-05,2.6666666666647076e-05,3
age_phys,0.1,0.9,True,0.14650666666666667,0.14853666666666668,0.14853666666666668,0.14632333333333333,0.14466,4.9999999999985244e-05,1.333333333330966e-05,3
risk_allostatic,0.15,0.85,False,0.14648105555555557,0.14846733333333334,0.14846733333333334,0.14624416666666668,0.14473166666666668,7.561111111109575e-05,1.6666666666498298e-06,3
risk_allostatic,0.1,0.9,False,0.1465058888888889,0.14849400000000001,0.14849400000000001,0.14629166666666668,0.144732,5.077777777776071e-05,1.333333333325415e-06,3
risk_allostatic,0.2,0.8,True,0.1464588888888889,0.14841333333333334,0.14841333333333334,0.14623000000000003,0.14473333333333332,9.777777777776146e-05,0.0,2
risk_allostatic,0.55,0.44999999999999996,True,0.14631111111111114,0.14828,0.14828,0.14592,0.14473333333333335,0.00024555555555554515,-2.7755575615628914e-17,2
risk_allostatic,0.1,0.9,True,0.14649888888888893,0.14848666666666668,0.14848666666666668,0.1462766666666667,0.14473333333333335,5.777777777774921e-05,-2.7755575615628914e-17,2
risk_allostatic,0.2,0.8,False,0.14645911111111112,0.14844200000000002,0.14844200000000002,0.14619933333333335,0.144736,9.755555555553593e-05,-2.6666666666785854e-06,2
risk_allostatic,0.25,0.75,False,0.14643861111111112,0.14841666666666667,0.14841666666666667,0.1461575,0.14474166666666669,0.00011805555555554255,-8.333333333360171e-06,2
risk_allostatic,0.6,0.4,True,0.14629777777777778,0.14828000000000002,0.14828000000000002,0.14587,0.14474333333333333,0.00025888888888887335,-1.0000000000010001e-05,2
risk_allostatic,0.3,0.7,False,0.14641922222222223,0.14839333333333335,0.14839333333333335,0.146117,0.1447473333333333,0.00013744444444444004,-1.3999999999986246e-05,2
risk_allostatic,0.35,0.65,False,0.14640205555555555,0.14837166666666668,0.14837166666666668,0.1460805,0.14475400000000002,0.0001546111111110915,-2.0666666666696587e-05,2
risk_allostatic,0.4,0.6,False,0.14638644444444446,0.14835133333333334,0.14835133333333334,0.14604533333333333,0.14476266666666668,0.0001702222222222105,-2.9333333333353417e-05,2
risk_allostatic,0.45,0.55,False,0.14637216666666666,0.14833400000000002,0.14833400000000002,0.14601116666666666,0.14477133333333334,0.0001844999999999856,-3.800000000001025e-05,2
risk_allostatic,0.5,0.5,False,0.14635833333333334,0.14831666666666665,0.14831666666666665,0.14597833333333332,0.14478000000000002,0.00019833333333332814,-4.6666666666694834e-05,2
risk_allostatic,0.65,0.35,True,0.14627666666666667,0.14820666666666668,0.14820666666666668,0.14583666666666667,0.14478666666666667,0.000279999999999984,-5.3333333333349664e-05,2
risk_allostatic,0.7,0.30000000000000004,True,0.14630444444444443,0.14826666666666666,0.14826666666666666,0.14585666666666666,0.14479,0.0002522222222222185,-5.666666666667708e-05,2
risk_allostatic,0.5,0.5,True,0.14636888888888888,0.14839,0.14839,0.14592333333333332,0.14479333333333333,0.00018777777777777746,-6.0000000000004494e-05,2
risk_allostatic,0.55,0.44999999999999996,False,0.1463513888888889,0.148302,0.148302,0.1459561666666667,0.14479599999999998,0.00020527777777777181,-6.266666666665532e-05,2
risk_allostatic,0.35,0.65,True,0.14646,0.1484333333333333,0.1484333333333333,0.14615,0.14479666666666666,9.666666666667083e-05,-6.333333333333191e-05,2
risk_allostatic,0.25,0.75,True,0.14648666666666665,0.14842333333333332,0.14842333333333332,0.14623333333333335,0.1448033333333333,6.9999999999996e-05,-6.999999999998674e-05,2
risk_allostatic,0.6,0.4,False,0.14634444444444444,0.14828733333333335,0.14828733333333335,0.145934,0.144812,0.00021222222222220624,-7.866666666667133e-05,2
risk_allostatic,0.3,0.7,True,0.14646666666666666,0.14842333333333332,0.14842333333333332,0.14616333333333334,0.14481333333333332,8.999999999999748e-05,-7.999999999999674e-05,2
risk_allostatic,0.4,0.6,True,0.14642555555555556,0.14835333333333334,0.14835333333333334,0.14610666666666666,0.14481666666666665,0.00013111111111110962,-8.333333333332416e-05,2
risk_allostatic,0.75,0.25,True,0.14629222222222224,0.14822666666666667,0.14822666666666667,0.14583000000000002,0.14482,0.00026444444444442827,-8.666666666667933e-05,2
risk_allostatic,0.65,0.35,False,0.14633905555555557,0.148276,0.148276,0.14591316666666668,0.14482799999999998,0.00021761111111110823,-9.466666666665957e-05,2
risk_allostatic,0.45,0.55,True,0.1464088888888889,0.14835333333333334,0.14835333333333334,0.14604333333333333,0.14483000000000001,0.0001477777777777652,-9.666666666668933e-05,2
risk_allostatic,0.7,0.30000000000000004,False,0.14633700000000002,0.148266,0.148266,0.145899,0.144846,0.00021966666666665505,-0.00011266666666667757,2
risk_allostatic,0.75,0.25,False,0.1463363888888889,0.14825666666666665,0.14825666666666665,0.1458875,0.14486500000000002,0.00022027777777776833,-0.00013166666666669657,2
risk_allostatic,0.8,0.19999999999999996,False,0.14634111111111112,0.14825533333333335,0.14825533333333335,0.14588133333333334,0.14488666666666666,0.00021555555555554293,-0.00015333333333333865,2
risk_allostatic,0.8,0.19999999999999996,True,0.1463377777777778,0.14828000000000002,0.14828000000000002,0.14584,0.14489333333333335,0.00021888888888887034,-0.00016000000000002124,2
risk_allostatic,0.85,0.15000000000000002,False,0.14634772222222223,0.14825566666666667,0.14825566666666667,0.14587583333333334,0.14491166666666666,0.00020894444444443291,-0.0001783333333333359,2
risk_allostatic,0.85,0.15000000000000002,True,0.1463677777777778,0.1482733333333333,0.1482733333333333,0.14589666666666667,0.14493333333333336,0.00018888888888887734,-0.00020000000000003348,2
risk_allostatic,0.9,0.09999999999999998,False,0.14635522222222222,0.148256,0.148256,0.145873,0.14493666666666666,0.0002014444444444393,-0.00020333333333333314,2
risk_allostatic,0.9,0.09999999999999998,True,0.14636666666666667,0.14827666666666667,0.14827666666666667,0.14586666666666667,0.14495666666666668,0.00018999999999998649,-0.00022333333333335315,2
risk_allostatic,0.95,0.050000000000000044,False,0.14636427777777777,0.14825633333333332,0.14825633333333332,0.14587483333333334,0.14496166666666666,0.00019238888888888547,-0.0002283333333333304,2
risk_allostatic,1.0,0.0,False,0.14637333333333333,0.14825666666666665,0.14825666666666665,0.14587666666666665,0.14498666666666668,0.00018333333333333165,-0.0002533333333333554,2
risk_allostatic,1.0,0.0,True,0.14637333333333333,0.14825666666666665,0.14825666666666665,0.14587666666666665,0.14498666666666668,0.00018333333333333165,-0.0002533333333333554,2
risk_allostatic,0.95,0.050000000000000044,True,0.14636777777777776,0.14823999999999998,0.14823999999999998,0.14587,0.14499333333333334,0.00018888888888888658,-0.0002600000000000102,2
