C,gamma,epsilon,MAE_42
5.0,0.05,0.0,0.19804899147737823
10.0,0.05,0.01,0.19805615741152716
5.0,0.05,0.01,0.19810366490659764
10.0,0.05,0.0,0.19816164887927093
20.0,0.05,0.01,0.198292475179409
20.0,0.05,0.0,0.1987178743660595
10.0,0.05,0.02,0.1987583783131322
5.0,0.05,0.02,0.19895890501431238
20.0,0.05,0.02,0.19898558222846258
1.0,0.05,0.01,0.21069496886959982
1.0,0.05,0.0,0.2107915043981209
1.0,0.05,0.02,0.21096764703760967
20.0,scale,0.01,0.21235029514838472
20.0,scale,0.0,0.2127479115299105
10.0,scale,0.0,0.2128010250662802
10.0,scale,0.01,0.21287086073884637
20.0,scale,0.02,0.21288305677735223
10.0,scale,0.02,0.21332609992669987
5.0,scale,0.01,0.21563978787290303
5.0,scale,0.0,0.21574545195778333
5.0,scale,0.02,0.2159934237964094
1.0,scale,0.02,0.23162335985496274
1.0,scale,0.01,0.2317304032264835
1.0,scale,0.0,0.23201259626515525
20.0,0.01,0.02,0.23542269960065032
20.0,0.01,0.01,0.2355683742701299
20.0,0.01,0.0,0.23578854424379506
10.0,0.01,0.02,0.23811639963680264
10.0,0.01,0.01,0.23840299363461684
10.0,0.01,0.0,0.23862834204384967
5.0,0.01,0.02,0.2410183508086572
5.0,0.01,0.01,0.24106862261943865
5.0,0.01,0.0,0.2411250266275581
20.0,0.005,0.0,0.24360746777495718
20.0,0.005,0.01,0.24361752514597357
20.0,0.005,0.02,0.24375099162575278
10.0,0.005,0.0,0.2441114451639351
10.0,0.005,0.01,0.24413010330177504
10.0,0.005,0.02,0.24436971842922722
1.0,0.01,0.0,0.24438935113542784
1.0,0.01,0.01,0.24454450555996315
1.0,0.01,0.02,0.24468429643668055
5.0,0.005,0.01,0.24495052157544972
5.0,0.005,0.02,0.24495828324473246
5.0,0.005,0.0,0.24504107497452257
1.0,0.005,0.01,0.24717215215445382
1.0,0.005,0.02,0.2471786227425624
1.0,0.005,0.0,0.24731003878519164
