physiology_weight,baseline_weight,round2,mean_MAE,worst_seed_MAE,seed_42,seed_77,seed_2026,mean_improvement,worst_improvement,wins
0.15,0.85,True,0.14646666666666666,0.14845333333333333,0.14845333333333333,0.14629666666666666,0.14465,8.999999999999748e-05,8.333333333332416e-05,3
0.3,0.7,False,0.14636955555555556,0.14833133333333334,0.14833133333333334,0.14610566666666666,0.14467166666666667,0.00018711111111110087,6.166666666665432e-05,3
0.35,0.65,False,0.14634655555555554,0.14829966666666666,0.14829966666666666,0.1460665,0.14467349999999998,0.0002101111111111146,5.983333333334229e-05,3
0.25,0.75,False,0.14639666666666665,0.14836666666666667,0.14836666666666667,0.14614916666666666,0.14467416666666663,0.00016000000000000272,5.916666666669346e-05,3
0.4,0.6,False,0.14632511111111113,0.1482686666666667,0.1482686666666667,0.14602933333333332,0.14467733333333335,0.00023155555555554042,5.599999999997274e-05,3
0.1,0.9,True,0.1465,0.14849333333333334,0.14849333333333334,0.14632666666666666,0.14467999999999998,5.666666666666783e-05,5.3333333333349664e-05,3
0.2,0.8,False,0.14642688888888888,0.14840333333333333,0.14840333333333333,0.14619666666666667,0.14468066666666668,0.0001297777777777657,5.266666666664532e-05,3
0.45,0.55,False,0.14630744444444443,0.14824633333333334,0.14824633333333334,0.14599483333333335,0.14468116666666667,0.00024922222222220625,5.21666666666587e-05,3
0.5,0.5,False,0.14629111111111112,0.14822666666666667,0.14822666666666667,0.14596166666666666,0.14468499999999998,0.00026555555555555593,4.8333333333344664e-05,3
0.15,0.85,False,0.14645899999999998,0.14844,0.14844,0.14624416666666668,0.14469283333333333,9.766666666666257e-05,4.049999999999887e-05,3
0.45,0.55,True,0.1463266666666667,0.14826,0.14826,0.14602333333333334,0.14469666666666667,0.00022999999999998946,3.666666666665708e-05,3
0.4,0.6,True,0.14634,0.1482733333333333,0.1482733333333333,0.14604333333333333,0.14470333333333335,0.00021666666666666132,2.999999999997449e-05,3
0.2,0.8,True,0.14642444444444444,0.14837999999999998,0.14837999999999998,0.14619,0.14470333333333335,0.00013222222222221877,2.999999999997449e-05,3
0.1,0.9,False,0.14649155555555557,0.14847666666666667,0.14847666666666667,0.14629166666666665,0.14470633333333335,6.511111111109913e-05,2.699999999997149e-05,3
0.5,0.5,True,0.1462766666666667,0.14822333333333335,0.14822333333333335,0.14589666666666667,0.14471,0.000279999999999984,2.333333333331966e-05,3
0.35,0.65,True,0.14637444444444445,0.14834333333333333,0.14834333333333333,0.14607,0.14471,0.00018222222222221326,2.333333333331966e-05,3
0.05,0.95,False,0.1465241111111111,0.14851333333333333,0.14851333333333333,0.1463391666666667,0.14471983333333333,3.2555555555544936e-05,1.3499999999999623e-05,3
0.3,0.7,True,0.14639,0.14835666666666666,0.14835666666666666,0.14609333333333335,0.14472,0.00016666666666665755,1.3333333333337416e-05,3
0.05,0.95,True,0.14655333333333334,0.14854666666666666,0.14854666666666666,0.14637999999999998,0.14473333333333332,3.333333333336667e-06,0.0,2
0.25,0.75,True,0.14641666666666667,0.14834999999999998,0.14834999999999998,0.14613333333333334,0.14476666666666665,0.00014000000000000123,-3.333333333332966e-05,2
0.0,1.0,False,0.14655666666666664,0.14855,0.14855,0.14638666666666666,0.14473333333333332,0.0,0.0,0
0.0,1.0,True,0.14655666666666664,0.14855,0.14855,0.14638666666666666,0.14473333333333332,0.0,0.0,0
