C,gamma,epsilon,residual_weight,round2,mean_MAE,worst_seed_MAE,seed_42,seed_77,seed_2026,mean_improvement,worst_improvement,wins
0.5,0.01,0.0,0.25,True,0.14749555555555555,0.1491333333333333,0.1491333333333333,0.14744666666666667,0.14590666666666668,-0.0013111111111111056,-0.0015133333333333387,0
0.5,0.01,0.0,0.25,False,0.14786498920057026,0.14947987561917406,0.14947987561917406,0.14788755582342508,0.14622753615911166,-0.0016805447561258162,-0.0018342028257783138,0
0.1,scale,0.0,0.25,True,0.14808333333333334,0.14981333333333335,0.14981333333333335,0.14805666666666667,0.14637999999999998,-0.001898888888888885,-0.0019866666666666366,0
0.1,scale,0.0,0.25,False,0.14834682820443656,0.15003499802827985,0.15003499802827985,0.1483383539384642,0.14666713264656558,-0.002162383759992096,-0.0022737993132322387,0
1.0,0.01,0.0,0.25,True,0.14873111111111112,0.15023666666666669,0.15023666666666669,0.14885,0.14710666666666666,-0.0025466666666666693,-0.002720000000000028,0
1.0,0.01,0.0,0.25,False,0.14887091517517917,0.15041250384588659,0.15041250384588659,0.14891401086268236,0.1472862308169686,-0.002686470730734728,-0.0028928974836352483,0
0.5,0.01,0.0,0.5,True,0.14951,0.15092999999999998,0.15092999999999998,0.14964666666666668,0.14795333333333333,-0.0033255555555555447,-0.00355999999999998,0
0.5,0.01,0.0,0.5,False,0.14960522695875955,0.15097430794376984,0.15097430794376984,0.14970340704358803,0.1481379658889208,-0.0034207825143151107,-0.0037446325555874627,0
0.25,scale,0.0,0.25,True,0.15011,0.15173333333333333,0.15173333333333333,0.15017666666666665,0.14842,-0.003925555555555543,-0.004046666666666671,0
2.0,0.01,0.0,0.25,True,0.1500888888888889,0.15163666666666667,0.15163666666666667,0.15021,0.14842,-0.0039044444444444417,-0.004080000000000028,0
0.25,scale,0.0,0.25,False,0.15016622440037977,0.15178589973161957,0.15178589973161957,0.15026280462740382,0.14844996884211595,-0.003981779955935331,-0.004132804627403841,0
2.0,0.01,0.0,0.25,False,0.15018400560555226,0.15168309695183854,0.15168309695183854,0.15029122897131686,0.1485776908935013,-0.003999561161107788,-0.004184357560167967,0
0.1,scale,0.0,0.5,True,0.1504911111111111,0.15198,0.15198,0.15050333333333332,0.14899,-0.004306666666666663,-0.004596666666666666,0
0.1,scale,0.0,0.5,False,0.15058852787461655,0.152103222104031,0.152103222104031,0.15061621133647787,0.1490461501833408,-0.004404083430172105,-0.004652816850007457,0
0.5,0.01,0.0,0.75,True,0.15135222222222222,0.15251333333333333,0.15251333333333333,0.15149666666666667,0.15004666666666666,-0.005167777777777771,-0.005653333333333316,0
0.5,0.01,0.0,0.75,False,0.1514474263601914,0.1525744471289252,0.1525744471289252,0.1516289116836038,0.15013892026804523,-0.00526298191574696,-0.005745586934711888,0
1.0,0.01,0.0,0.5,True,0.15157777777777778,0.15277666666666667,0.15277666666666667,0.15170333333333333,0.15025333333333332,-0.005393333333333324,-0.005859999999999976,0
1.0,0.01,0.0,0.5,False,0.15168476449102833,0.15292199558778283,0.15292199558778283,0.15183801931082808,0.15029427857447408,-0.005500320046583879,-0.005900945241140737,0
0.5,scale,0.0,0.25,True,0.15189333333333335,0.1533533333333333,0.1533533333333333,0.15215,0.15017666666666668,-0.005708888888888884,-0.006020000000000025,0
0.5,scale,0.0,0.25,False,0.15196660288707828,0.15343294216526768,0.15343294216526768,0.15219805534139136,0.15026881115457583,-0.0057821584426338375,-0.006068055341391376,0
0.1,scale,0.0,0.75,True,0.15289333333333333,0.15419000000000002,0.15419000000000002,0.15299000000000001,0.1515,-0.006708888888888894,-0.00710666666666665,0
0.1,scale,0.0,0.75,False,0.1529722604191249,0.1542950161283765,0.1542950161283765,0.15303169902391495,0.1515900661050832,-0.006787815974680432,-0.007196732771749842,0
0.5,0.01,0.0,1.0,True,0.15328333333333333,0.15417,0.15417,0.15349,0.15219,-0.007098888888888877,-0.007796666666666646,0
0.5,0.01,0.0,1.0,False,0.15337577010931347,0.1543036704790862,0.1543036704790862,0.15362242061865103,0.15220121923020322,-0.007191325664869029,-0.0078078858968698706,0
1.0,scale,0.0,0.25,True,0.1539411111111111,0.15534666666666666,0.15534666666666666,0.15430666666666668,0.15217,-0.007756666666666662,-0.008176666666666693,0
1.0,scale,0.0,0.25,False,0.15397754113610515,0.15534438671004572,0.15534438671004572,0.1543166073165609,0.1522716293817088,-0.007793096691660691,-0.008186607316560929,0
2.0,0.01,0.0,0.5,True,0.15427333333333335,0.15543333333333334,0.15543333333333334,0.15458333333333332,0.15280333333333335,-0.008088888888888887,-0.00845333333333334,0
0.25,scale,0.0,0.5,True,0.15436555555555556,0.15573333333333333,0.15573333333333333,0.15458333333333332,0.15278,-0.008181111111111103,-0.00845333333333334,0
0.25,scale,0.0,0.5,False,0.1543998806752572,0.15574136989222934,0.15574136989222934,0.154654022931731,0.1528042492018112,-0.008215436230812731,-0.008524022931731018,0
2.0,0.01,0.0,0.5,False,0.15438508104092352,0.155512509451215,0.155512509451215,0.15470502910506856,0.15293770456648703,-0.00820063659647908,-0.008575029105068577,0
1.0,0.01,0.0,0.75,False,0.1546835528109942,0.15566105940256741,0.15566105940256741,0.1549204283056315,0.1534691707247836,-0.008499108366549721,-0.009075837391450264,0
1.0,0.01,0.0,0.75,True,0.1546511111111111,0.15553,0.15553,0.15492333333333333,0.1535,-0.008466666666666659,-0.009106666666666652,0
0.1,scale,0.0,1.0,True,0.15536999999999998,0.1565,0.1565,0.15542333333333333,0.15418666666666664,-0.009185555555555539,-0.009793333333333293,0
0.1,scale,0.0,1.0,False,0.15543472406621572,0.15658700224963693,0.15658700224963693,0.15552516223702792,0.15419200771198233,-0.009250279621771273,-0.00979867437864898,0
2.0,scale,0.0,0.25,True,0.15587555555555557,0.15728,0.15728,0.15632333333333334,0.15402333333333335,-0.009691111111111114,-0.01019333333333336,0
2.0,scale,0.0,0.25,False,0.1559386359245092,0.15738364669292765,0.15738364669292765,0.1563377544566264,0.15409450662397356,-0.009754191480064752,-0.010207754456626417,0
1.0,0.01,0.0,1.0,True,0.15780444444444444,0.15866666666666668,0.15866666666666668,0.15805666666666668,0.15668999999999997,-0.011619999999999991,-0.012296666666666622,0
1.0,0.01,0.0,1.0,False,0.15785014974301478,0.158626296143377,0.158626296143377,0.15808536633495282,0.15683878675071447,-0.011665705298570314,-0.012445453417381125,0
0.5,scale,0.0,0.5,False,0.15816225814993123,0.15913916455220015,0.15913916455220015,0.15878158061775383,0.15656602927983976,-0.011977813705486793,-0.012651580617753844,0
0.5,scale,0.0,0.5,True,0.1581811111111111,0.15912333333333334,0.15912333333333334,0.15886666666666668,0.15655333333333332,-0.011996666666666664,-0.012736666666666702,0
0.25,scale,0.0,0.75,True,0.15884444444444443,0.15988333333333332,0.15988333333333332,0.15927333333333332,0.15737666666666666,-0.012659999999999986,-0.01314333333333334,0
0.25,scale,0.0,0.75,False,0.15892671579009354,0.16002266090269474,0.16002266090269474,0.15932997006633987,0.15742751640124605,-0.0127422713456491,-0.013199970066339883,0
2.0,0.01,0.0,0.75,False,0.1588968213120837,0.15972789836305434,0.15972789836305434,0.1593213133112373,0.15764125226195944,-0.012712376867639244,-0.01324791892862609,0
2.0,0.01,0.0,0.75,True,0.15889777777777778,0.15970333333333334,0.15970333333333334,0.15940666666666667,0.15758333333333333,-0.012713333333333326,-0.013276666666666687,0
1.0,scale,0.0,0.5,True,0.1622288888888889,0.16323,0.16303666666666666,0.16323,0.16042,-0.016044444444444434,-0.017100000000000004,0
1.0,scale,0.0,0.5,False,0.1622654575420264,0.16324981783619769,0.16300888740364133,0.16324981783619769,0.16053766738624023,-0.016081013097581965,-0.017119817836197704,0
0.25,scale,0.0,1.0,False,0.16365187823794866,0.1645697439949815,0.1645697439949815,0.16419512620844523,0.16219076451041928,-0.01746743379350422,-0.018065126208445248,0
0.25,scale,0.0,1.0,True,0.16365,0.16453,0.16453,0.16421,0.16221,-0.01746555555555555,-0.018080000000000013,0
2.0,0.01,0.0,1.0,False,0.16356887083334518,0.1641767257995781,0.1641767257995781,0.16404194905505726,0.16248793764540023,-0.017384426388900743,-0.018094604312066886,0
2.0,0.01,0.0,1.0,True,0.16353666666666666,0.16413666666666668,0.16413666666666668,0.16392333333333334,0.16255,-0.017352222222222224,-0.018156666666666654,0
0.5,scale,0.0,0.75,True,0.16472444444444445,0.16566333333333333,0.16530999999999998,0.16566333333333333,0.16319999999999998,-0.018539999999999984,-0.019533333333333347,0
0.5,scale,0.0,0.75,False,0.1647436011179558,0.16572673485958686,0.1653433675915123,0.16572673485958686,0.16316070090276824,-0.01855915667351135,-0.01959673485958688,0
2.0,scale,0.0,0.5,False,0.16613318713652422,0.16727117774610833,0.16702325331364748,0.16727117774610833,0.1641051303498168,-0.019948742692079757,-0.021141177746108353,0
2.0,scale,0.0,0.5,True,0.1660911111111111,0.16728666666666667,0.16697666666666666,0.16728666666666667,0.16401,-0.019906666666666656,-0.021156666666666685,0
1.0,scale,0.0,0.75,True,0.17113222222222224,0.17272333333333337,0.17121999999999998,0.17272333333333337,0.16945333333333334,-0.02494777777777778,-0.026593333333333385,0
1.0,scale,0.0,0.75,False,0.17115156161116732,0.17272797478113902,0.1712594439414034,0.17272797478113902,0.16946726611095952,-0.02496711716672287,-0.02659797478113904,0
0.5,scale,0.0,1.0,True,0.1717477777777778,0.17305666666666666,0.17204999999999998,0.17305666666666666,0.17013666666666669,-0.025563333333333327,-0.026926666666666682,0
0.5,scale,0.0,1.0,False,0.17182504099895743,0.17315933809639944,0.1720231574492208,0.17315933809639944,0.17029262745125204,-0.02564059655451298,-0.027029338096399458,0
2.0,scale,0.0,0.75,False,0.17733440769372974,0.17925772601718268,0.177595431359064,0.17925772601718268,0.17515006570494251,-0.03114996324928528,-0.033127726017182696,0
2.0,scale,0.0,0.75,True,0.17734111111111114,0.17929000000000003,0.17757333333333333,0.17929000000000003,0.17516,-0.031156666666666676,-0.03316000000000005,0
1.0,scale,0.0,1.0,True,0.18070666666666665,0.18269000000000002,0.18037333333333333,0.18269000000000002,0.17905666666666664,-0.03452222222222221,-0.03656000000000004,0
1.0,scale,0.0,1.0,False,0.18078344516854794,0.18277341346050893,0.18047401728691065,0.18277341346050893,0.1791029047582242,-0.03459900072410348,-0.03664341346050895,0
2.0,scale,0.0,1.0,True,0.18974666666666665,0.19230666666666665,0.18941,0.19230666666666665,0.18752333333333332,-0.043562222222222204,-0.04617666666666667,0
2.0,scale,0.0,1.0,False,0.18977793179598446,0.1923195506014465,0.1894831398979348,0.1923195506014465,0.18753110488857208,-0.04359348735154001,-0.04618955060144653,0
